De-Energized Bus due to Open Switch (or Blown Fuse),
p1udt16391-p1udt7872xx,
p1udt16391-p1udt7872x,
p1udt20130-p1udt7020xx,
p1udt20130-p1udt7020x,
p1udt14394-p1udt9433xx,
p1udt14394-p1udt9433x,
p1udt13577-p1udt21728xx,
p1udt13577-p1udt21728x,
p1udt11925-p1udt7038x,
p1udt11925-p1udt7038xx,
p1udt24026-p1udt5159x,
p1udt24026-p1udt5159xx,
p1udt13280-p1udt24954x,
p1udt13280-p1udt24954xx,
p1udt12926-p1udt24025x,
p1udt12926-p1udt24025xx,
p1udt1456-p1udt16219x,
p1udt1456-p1udt16219xx,
p1udt10246-p1udt12317xx,
p1udt10246-p1udt12317x,
p1udt2000-p1udt4681xx,
p1udt2000-p1udt4681x,
p1udt12360-p1udt7988xx,
p1udt12360-p1udt7988x,
p1udt1482-p1udt9551xx,
p1udt1482-p1udt9551x,
p1udt2077-p1udt24048x,
p1udt2077-p1udt24048xx,
p1udt23696-p1udt3179x,
p1udt23696-p1udt3179xx,
p1udt14764-p1udt2178x,
p1udt14764-p1udt2178xx,
p1udt13113-p1udt21808xx,
p1udt13113-p1udt21808x,
p1udt16949-p1udt7215x,
p1udt16949-p1udt7215xx,
p1udt5805-p1udt899xx,
p1udt5805-p1udt899x,
p1udt14531-p1udt2828x,
p1udt14531-p1udt2828xx,
p1udt23951-p1udt9641xx,
p1udt23951-p1udt9641x,
p1udt17409-p1udt17830x,
p1udt17409-p1udt17830xx,
p1udt16976-p1udt21517xx,
p1udt16976-p1udt21517x,
p1udt14538-p1udt25103x,
p1udt14538-p1udt25103xx,
p1udt19355-p1udt25287x,
p1udt19355-p1udt25287xx,
p1udt18791-p1udt23390x,
p1udt18791-p1udt23390xx,
p1udt18999-p1udt8540x,
p1udt18999-p1udt8540xx,
p1udt10473-p1udt8188xx,
p1udt10473-p1udt8188x,
p1udt18251-p1udt2366x,
p1udt18251-p1udt2366xx,
p1udt12530-p1udt13181x,
p1udt12530-p1udt13181xx,
p2udt3663-p2udt6561xx,
p2udt3663-p2udt6561x,
p2udt325-p2udt7191xx,
p2udt325-p2udt7191x,
p2udt3455-p2udt5840x,
p2udt3455-p2udt5840xx,
p2udt3006-p2udt818xx,
p2udt3006-p2udt818x,
p2udt2522-p2udt3821x,
p2udt2522-p2udt3821xx,
p2udt8516-p2udt8670x,
p2udt8516-p2udt8670xx,
p2udt3575-p2udt6384x,
p2udt3575-p2udt6384xx,
p2udt4517-p2udt7295xx,
p2udt4517-p2udt7295x,
p2udt6185-p2udt6459x,
p2udt6185-p2udt6459xx,
p2udt3475-p2udt6278x,
p2udt3475-p2udt6278xx,
p3udt2524-p3udt9511xx,
p3udt2524-p3udt9511x,
p3udt29645-p3udt3949x,
p3udt29645-p3udt3949xx,
p3udt16091-p3udt17221xx,
p3udt16091-p3udt17221x,
p3udt19740-p3udt23025x,
p3udt19740-p3udt23025xx,
p3udt20353-p3udt22485x,
p3udt20353-p3udt22485xx,
p3udt2374-p3udt32185xx,
p3udt2374-p3udt32185x,
p3udt18788-p3udt25200x,
p3udt18788-p3udt25200xx,
p3udt26180-p3udt9453xx,
p3udt26180-p3udt9453x,
p3udt2616-p3udt30150xx,
p3udt2616-p3udt30150x,
p3udt17035-p3udt32081xx,
p3udt17035-p3udt32081x,
p3udt29936-p3udt9990x,
p3udt29936-p3udt9990xx,
p3udt416-p3udt9588xx,
p3udt416-p3udt9588x,
p3udt2656-p3udt32241xx,
p3udt2656-p3udt32241x,
p3udt10647-p3udt448x,
p3udt10647-p3udt448xx,
p3udt23069-p3udt31250x,
p3udt23069-p3udt31250xx,
p3udt29191-p3udt6543xx,
p3udt29191-p3udt6543x,
p3udt15903-p3udt7802xx,
p3udt15903-p3udt7802x,
p3udt20231-p3udt2141xx,
p3udt20231-p3udt2141x,
p3udt24853-p3udt2858x,
p3udt24853-p3udt2858xx,
p3udt20394-p3udt301xx,
p3udt20394-p3udt301x,
p3udt13028-p3udt22001xx,
p3udt13028-p3udt22001x,
p3udt18580-p3udt22594x,
p3udt18580-p3udt22594xx,
p3udt28897-p3udt29359x,
p3udt28897-p3udt29359xx,
p3udt12144-p3udt23596xx,
p3udt12144-p3udt23596x,
p3udt2753-p3udt2755x,
p3udt2753-p3udt2755xx,
p3udt28940-p3udt6299x,
p3udt28940-p3udt6299xx,
p3udt30629-p3udt31729xx,
p3udt30629-p3udt31729x,
p3udt22951-p3udt25916x,
p3udt22951-p3udt25916xx,
p3udt23452-p3udt27805xx,
p3udt23452-p3udt27805x,
p3udt12339-p3udt30930x,
p3udt12339-p3udt30930xx,
p3udt3662-p3udt7568xx,
p3udt3662-p3udt7568x,
p3udt21404-p3udt27080xx,
p3udt21404-p3udt27080x,
p3udt23226-p3udt23931xx,
p3udt23226-p3udt23931x,
p3udt18003-p3udt32152x,
p3udt18003-p3udt32152xx,
p3udt5707-p3udt9285x,
p3udt5707-p3udt9285xx,
p3udt23934-p3udt30341x,
p3udt23934-p3udt30341xx,
p3udt1480-p3udt29408x,
p3udt1480-p3udt29408xx,
p3udt11313-p3udt20830xx,
p3udt11313-p3udt20830xx_b1_1,
p3udt11313-p3udt20830xx_b2_1,
p3udt11313-p3udt20830x,
p3udt16104-p3udt20243x,
p3udt16104-p3udt20243xx,
p3udt22380-p3udt28137xx,
p3udt22380-p3udt28137x,
p3udt29560-p3udt31313xx,
p3udt29560-p3udt31313x,
p3udt1507-p3udt21139xx,
p3udt1507-p3udt21139x,
p3udt11361-p3udt30485xx,
p3udt11361-p3udt30485x,
p3udt16541-p3udt26348xx,
p3udt16541-p3udt26348x,
p3udt13283-p3udt27641x,
p3udt13283-p3udt27641xx,
p3udt18717-p3udt32035xx,
p3udt18717-p3udt32035x,
p3udt19358-p3udt26335x,
p3udt19358-p3udt26335xx,
p3udt25122-p3udt26335x,
p3udt25122-p3udt26335xx,
p4udt6026-p4udt7878xxx,
p4udt6026-p4udt7878xx,
p4udt6026-p4udt7878x,
p4udt14683-p4udt18289x,
p4udt14683-p4udt18289xx,
p4udt5170-p4udt5827xx,
p4udt5170-p4udt5827x,
p4udt7554-p4udt7858xx,
p4udt7554-p4udt7858x,
p4udt10990-p4udt11244xx,
p4udt10990-p4udt11244x,
p4udt5101-p4udt5759x,
p4udt5101-p4udt5759xx,
p4udt17656-p4udt7046xx,
p4udt17656-p4udt7046x,
p4udt15003-p4udt4795xx,
p4udt15003-p4udt4795x,
p4udt19393-p4udt22403xx,
p4udt19393-p4udt22403x,
p4udt11810-p4udt7669x,
p4udt11810-p4udt7669x_b1_1,
p4udt11810-p4udt7669x_b2_1,
p4udt11810-p4udt7669xx,
p4udt12106-p4udt8877x,
p4udt12106-p4udt8877xx,
p4udt5546-p4udt8037x,
p4udt5546-p4udt8037xx,
p5udt5080-p5udt7551xx,
p5udt5080-p5udt7551x,
p5udt392-p5udt7259x,
p5udt392-p5udt7259xx,
p5udt4046-p5udt6362x,
p5udt4046-p5udt6362xx,
p5udt1638-p5udt2690xx,
p5udt1638-p5udt2690x,
p5udt1942-p5udt6496xx,
p5udt1942-p5udt6496x,
p5udt3553-p5udt3850x,
p5udt3553-p5udt3850xx,
p5udt4189-p5udt7540x,
p5udt4189-p5udt7540xx,
p5udt1510-p5udt1945xx,
p5udt1510-p5udt1945x,
p5udt44-p5udt8215xx,
p5udt44-p5udt8215x,
p5udt3176-p5udt795x,
p5udt3176-p5udt795xx,
p5udt258-p5udt6995xx,
p5udt258-p5udt6995x,
p5udt2968-p5udt474xx,
p5udt2968-p5udt474x,
p5udt6457-p5udt6458x,
p5udt6457-p5udt6458xx,
p5udt709-p5udt7563x,
p5udt709-p5udt7563xx,
p5udt14305-p5udt8746xx,
p5udt14305-p5udt8746x,
p5udt2626-p5udt3779xx,
p5udt2626-p5udt3779x,
p5udt1719-p5udt1852x,
p5udt1719-p5udt1852xx,
p5udt5346-p5udt6203xx,
p5udt5346-p5udt6203x,
p5udt2770-p5udt5776x,
p5udt2770-p5udt5776xx,
p5udt1182-p5udt6326x,
p5udt1182-p5udt6326xx,
p5udt21589-p5udt22374x,
p5udt21589-p5udt22374xx,
p5udt27271-p5udt33384xx,
p5udt27271-p5udt33384x,
p5udt25942-p5udt9392xx,
p5udt25942-p5udt9392x,
p5udt10535-p5udt19108x,
p5udt10535-p5udt19108xx,
p5udt19359-p5udt31836xx,
p5udt19359-p5udt31836x,
p5udt10017-p5udt26367xx,
p5udt10017-p5udt26367x,
p5udt14522-p5udt27705xx,
p5udt14522-p5udt27705x,
p5udt28081-p5udt29560xx,
p5udt28081-p5udt29560x,
p5udt14547-p5udt30878x,
p5udt14547-p5udt30878xx,
p5udt13367-p5udt23450xx,
p5udt13367-p5udt23450x,
p5udt29094-p5udt8607x,
p5udt29094-p5udt8607xx,
p5udt11085-p5udt12500x,
p5udt11085-p5udt12500xx,
p5udt18858-p5udt29597xx,
p5udt18858-p5udt29597x,
p5udt14179-p5udt27160xx,
p5udt14179-p5udt27160x,
p5udt13944-p5udt27632xx,
p5udt13944-p5udt27632x,
p5udt26021-p5udt31597xx,
p5udt26021-p5udt31597x,
p5udt16901-p5udt28633x,
p5udt16901-p5udt28633xx,
p5udt10644-p5udt16240xx,
p5udt10644-p5udt16240x,
p5udt12118-p5udt32809xx,
p5udt12118-p5udt32809x,
p5udt15508-p5udt16619x,
p5udt15508-p5udt16619xx,
p5udt18559-p5udt27951xx,
p5udt18559-p5udt27951x,
p5udt18658-p5udt29802x,
p5udt18658-p5udt29802xx,
p5udt18010-p5udt22854xx,
p5udt18010-p5udt22854x,
p5udt17032-p5udt27057xx,
p5udt17032-p5udt27057x,
p5udt11340-p5udt18048xx,
p5udt11340-p5udt18048x,
p5udt25510-p5udt32197xx,
p5udt25510-p5udt32197x,
p5udt19323-p5udt22888xx,
p5udt19323-p5udt22888x,
p5udt10928-p5udt32231xx,
p5udt10928-p5udt32231x,
