OpenDSS Value (p.u.),Bus,
0.0,p1udt11925-p1udt7038xx,
0.0,p1udt2077-p1udt24048xx,
0.0,p1udt2077-p1udt24048x,
0.0,p1udt1482-p1udt9551x,
0.0,p1udt1482-p1udt9551xx,
0.0,p1udt12360-p1udt7988x,
0.0,p1udt12360-p1udt7988xx,
0.0,p1udt2000-p1udt4681x,
0.0,p1udt2000-p1udt4681xx,
0.0,p1udt10246-p1udt12317x,
0.0,p1udt10246-p1udt12317xx,
0.0,p1udt1456-p1udt16219xx,
0.0,p1udt1456-p1udt16219x,
0.0,p1udt23696-p1udt3179x,
0.0,p1udt12926-p1udt24025xx,
0.0,p1udt13280-p1udt24954xx,
0.0,p1udt13280-p1udt24954x,
0.0,p1udt24026-p1udt5159xx,
0.0,p1udt24026-p1udt5159x,
0.0,p1udt12530-p1udt13181x,
0.0,p1udt11925-p1udt7038x,
0.0,p1udt13577-p1udt21728x,
0.0,p1udt13577-p1udt21728xx,
0.0,p1udt14394-p1udt9433x,
0.0,p1udt14394-p1udt9433xx,
0.0,p1udt20130-p1udt7020x,
0.0,p1udt20130-p1udt7020xx,
0.0,p1udt12926-p1udt24025x,
0.0,p1udt16391-p1udt7872x,
0.0,p1udt23696-p1udt3179xx,
0.0,p1udt14764-p1udt2178xx,
0.0,p1udt18251-p1udt2366xx,
0.0,p1udt18251-p1udt2366x,
0.0,p1udt10473-p1udt8188x,
0.0,p1udt10473-p1udt8188xx,
0.0,p1udt18999-p1udt8540xx,
0.0,p1udt18999-p1udt8540x,
0.0,p1udt18791-p1udt23390xx,
0.0,p1udt18791-p1udt23390x,
0.0,p1udt19355-p1udt25287xx,
0.0,p1udt19355-p1udt25287x,
0.0,p1udt14538-p1udt25103xx,
0.0,p1udt14538-p1udt25103x,
0.0,p1udt14764-p1udt2178x,
0.0,p1udt16976-p1udt21517x,
0.0,p1udt17409-p1udt17830xx,
0.0,p1udt17409-p1udt17830x,
0.0,p1udt23951-p1udt9641x,
0.0,p1udt23951-p1udt9641xx,
0.0,p1udt14531-p1udt2828xx,
0.0,p1udt14531-p1udt2828x,
0.0,p1udt5805-p1udt899x,
0.0,p1udt5805-p1udt899xx,
0.0,p1udt16949-p1udt7215xx,
0.0,p1udt16949-p1udt7215x,
0.0,p1udt13113-p1udt21808x,
0.0,p1udt13113-p1udt21808xx,
0.0,p1udt16976-p1udt21517xx,
0.0,p1udt16391-p1udt7872xx,
0.0,p1udt12530-p1udt13181xx,
0.0,p2udt3663-p2udt6561xx,
0.0,p2udt6185-p2udt6459xx,
0.0,p2udt6185-p2udt6459x,
0.0,p2udt4517-p2udt7295x,
0.0,p2udt4517-p2udt7295xx,
0.0,p2udt3575-p2udt6384xx,
0.0,p2udt3575-p2udt6384x,
0.0,p2udt8516-p2udt8670xx,
0.0,p2udt8516-p2udt8670x,
0.0,p2udt2522-p2udt3821xx,
0.0,p2udt2522-p2udt3821x,
0.0,p2udt3006-p2udt818x,
0.0,p2udt3006-p2udt818xx,
0.0,p2udt3455-p2udt5840xx,
0.0,p2udt3455-p2udt5840x,
0.0,p2udt325-p2udt7191x,
0.0,p2udt325-p2udt7191xx,
0.0,p2udt3663-p2udt6561x,
0.0,p2udt3475-p2udt6278x,
0.0,p2udt3475-p2udt6278xx,
0.0,p3udt12339-p3udt30930xx,
0.0,p3udt2374-p3udt32185x,
0.0,p3udt2374-p3udt32185xx,
0.0,p3udt3662-p3udt7568x,
0.0,p3udt25122-p3udt26335xx,
0.0,p3udt18580-p3udt22594xx,
0.0,p3udt28897-p3udt29359x,
0.0,p3udt28897-p3udt29359xx,
0.0,p3udt20353-p3udt22485xx,
0.0,p3udt20353-p3udt22485x,
0.0,p3udt19740-p3udt23025xx,
0.0,p3udt19740-p3udt23025x,
0.0,p3udt16091-p3udt17221x,
0.0,p3udt3662-p3udt7568xx,
0.0,p3udt16091-p3udt17221xx,
0.0,p3udt29645-p3udt3949x,
0.0,p3udt2524-p3udt9511x,
0.0,p3udt2524-p3udt9511xx,
0.0,p3udt21404-p3udt27080xx,
0.0,p3udt12339-p3udt30930x,
0.0,p3udt21404-p3udt27080x,
0.0,p3udt12144-p3udt23596xx,
0.0,p3udt23226-p3udt23931xx,
0.0,p3udt13028-p3udt22001xx,
0.0,p3udt2753-p3udt2755x,
0.0,p3udt23226-p3udt23931x,
0.0,p3udt18003-p3udt32152x,
0.0,p3udt29645-p3udt3949xx,
0.0,p3udt18003-p3udt32152xx,
0.0,p3udt18580-p3udt22594x,
0.0,p3udt18788-p3udt25200xx,
0.0,p3udt20394-p3udt301x,
0.0,p3udt20394-p3udt301xx,
0.0,p3udt24853-p3udt2858xx,
0.0,p3udt24853-p3udt2858x,
0.0,p3udt20231-p3udt2141x,
0.0,p3udt20231-p3udt2141xx,
0.0,p3udt15903-p3udt7802x,
0.0,p3udt15903-p3udt7802xx,
0.0,p3udt29191-p3udt6543x,
0.0,p3udt29191-p3udt6543xx,
0.0,p3udt23069-p3udt31250xx,
0.0,p3udt23069-p3udt31250x,
0.0,p3udt18788-p3udt25200x,
0.0,p3udt10647-p3udt448xx,
0.0,p3udt2656-p3udt32241x,
0.0,p3udt2656-p3udt32241xx,
0.0,p3udt416-p3udt9588x,
0.0,p3udt416-p3udt9588xx,
0.0,p3udt29936-p3udt9990xx,
0.0,p3udt29936-p3udt9990x,
0.0,p3udt17035-p3udt32081x,
0.0,p3udt17035-p3udt32081xx,
0.0,p3udt2616-p3udt30150x,
0.0,p3udt2616-p3udt30150xx,
0.0,p3udt26180-p3udt9453x,
0.0,p3udt26180-p3udt9453xx,
0.0,p3udt10647-p3udt448x,
0.0,p3udt2753-p3udt2755xx,
0.0,p3udt12144-p3udt23596x,
0.0,p3udt23934-p3udt30341x,
0.0,p3udt22951-p3udt25916x,
0.0,p3udt22951-p3udt25916xx,
0.0,p3udt23934-p3udt30341xx,
0.0,p3udt1480-p3udt29408x,
0.0,p3udt1480-p3udt29408xx,
0.0,p3udt11313-p3udt20830xx,
0.0,p3udt11313-p3udt20830xx_b1_1,
0.0,p3udt11313-p3udt20830xx_b2_1,
0.0,p3udt11313-p3udt20830x,
0.0,p3udt16104-p3udt20243x,
0.0,p3udt16104-p3udt20243xx,
0.0,p3udt23452-p3udt27805xx,
0.0,p3udt22380-p3udt28137xx,
0.0,p3udt22380-p3udt28137x,
0.0,p3udt30629-p3udt31729x,
0.0,p3udt29560-p3udt31313xx,
0.0,p3udt1507-p3udt21139xx,
0.0,p3udt1507-p3udt21139x,
0.0,p3udt11361-p3udt30485xx,
0.0,p3udt11361-p3udt30485x,
0.0,p3udt16541-p3udt26348xx,
0.0,p3udt16541-p3udt26348x,
0.0,p3udt13283-p3udt27641x,
0.0,p3udt13283-p3udt27641xx,
0.0,p3udt18717-p3udt32035xx,
0.0,p3udt18717-p3udt32035x,
0.0,p3udt19358-p3udt26335x,
0.0,p3udt23452-p3udt27805x,
0.0,p3udt19358-p3udt26335xx,
0.0,p3udt25122-p3udt26335x,
0.0,p3udt29560-p3udt31313x,
0.0,p3udt30629-p3udt31729xx,
0.0,p3udt13028-p3udt22001x,
0.0,p3udt28940-p3udt6299x,
0.0,p3udt28940-p3udt6299xx,
0.0,p3udt5707-p3udt9285xx,
0.0,p3udt5707-p3udt9285x,
0.0,p4udt5546-p4udt8037xx,
0.0,p4udt10990-p4udt11244x,
0.0,p4udt10990-p4udt11244xx,
0.0,p4udt7554-p4udt7858x,
0.0,p4udt7554-p4udt7858xx,
0.0,p4udt5170-p4udt5827x,
0.0,p4udt5170-p4udt5827xx,
0.0,p4udt14683-p4udt18289xx,
0.0,p4udt14683-p4udt18289x,
0.0,p4udt6026-p4udt7878x,
0.0,p4udt6026-p4udt7878xx,
0.0,p4udt6026-p4udt7878xxx,
0.0,p4udt5546-p4udt8037x,
0.0,p4udt5101-p4udt5759x,
0.0,p4udt17656-p4udt7046xx,
0.0,p4udt17656-p4udt7046x,
0.0,p4udt5101-p4udt5759xx,
0.0,p4udt15003-p4udt4795x,
0.0,p4udt19393-p4udt22403x,
0.0,p4udt11810-p4udt7669x,
0.0,p4udt11810-p4udt7669x_b1_1,
0.0,p4udt11810-p4udt7669x_b2_1,
0.0,p4udt15003-p4udt4795xx,
0.0,p4udt11810-p4udt7669xx,
0.0,p4udt12106-p4udt8877x,
0.0,p4udt12106-p4udt8877xx,
0.0,p4udt19393-p4udt22403xx,
0.0,p5udt25942-p5udt9392xx,
0.0,p5udt14179-p5udt27160x,
0.0,p5udt14179-p5udt27160xx,
0.0,p5udt18858-p5udt29597x,
0.0,p5udt18858-p5udt29597xx,
0.0,p5udt11085-p5udt12500xx,
0.0,p5udt11085-p5udt12500x,
0.0,p5udt29094-p5udt8607xx,
0.0,p5udt29094-p5udt8607x,
0.0,p5udt13367-p5udt23450x,
0.0,p5udt13367-p5udt23450xx,
0.0,p5udt14547-p5udt30878xx,
0.0,p5udt14547-p5udt30878x,
0.0,p5udt28081-p5udt29560x,
0.0,p5udt28081-p5udt29560xx,
0.0,p5udt14522-p5udt27705x,
0.0,p5udt14522-p5udt27705xx,
0.0,p5udt10017-p5udt26367x,
0.0,p5udt10017-p5udt26367xx,
0.0,p5udt19359-p5udt31836x,
0.0,p5udt19359-p5udt31836xx,
0.0,p5udt10535-p5udt19108xx,
0.0,p5udt13944-p5udt27632xx,
0.0,p5udt13944-p5udt27632x,
0.0,p5udt26021-p5udt31597xx,
0.0,p5udt26021-p5udt31597x,
0.0,p5udt19323-p5udt22888x,
0.0,p5udt19323-p5udt22888xx,
0.0,p5udt25510-p5udt32197x,
0.0,p5udt25510-p5udt32197xx,
0.0,p5udt11340-p5udt18048x,
0.0,p5udt11340-p5udt18048xx,
0.0,p5udt17032-p5udt27057x,
0.0,p5udt17032-p5udt27057xx,
0.0,p5udt18010-p5udt22854x,
0.0,p5udt18010-p5udt22854xx,
0.0,p5udt10535-p5udt19108x,
0.0,p5udt18658-p5udt29802xx,
0.0,p5udt18559-p5udt27951x,
0.0,p5udt18559-p5udt27951xx,
0.0,p5udt15508-p5udt16619xx,
0.0,p5udt15508-p5udt16619x,
0.0,p5udt12118-p5udt32809x,
0.0,p5udt12118-p5udt32809xx,
0.0,p5udt10644-p5udt16240x,
0.0,p5udt10644-p5udt16240xx,
0.0,p5udt16901-p5udt28633xx,
0.0,p5udt16901-p5udt28633x,
0.0,p5udt18658-p5udt29802x,
0.0,p5udt25942-p5udt9392x,
0.0,p5udt10928-p5udt32231x,
0.0,p5udt27271-p5udt33384x,
0.0,p5udt10928-p5udt32231xx,
0.0,p5udt3176-p5udt795x,
0.0,p5udt44-p5udt8215x,
0.0,p5udt44-p5udt8215xx,
0.0,p5udt1510-p5udt1945x,
0.0,p5udt1510-p5udt1945xx,
0.0,p5udt4189-p5udt7540xx,
0.0,p5udt4189-p5udt7540x,
0.0,p5udt3553-p5udt3850xx,
0.0,p5udt258-p5udt6995xx,
0.0,p5udt3553-p5udt3850x,
0.0,p5udt1942-p5udt6496xx,
0.0,p5udt1638-p5udt2690x,
0.0,p5udt1638-p5udt2690xx,
0.0,p5udt4046-p5udt6362xx,
0.0,p5udt4046-p5udt6362x,
0.0,p5udt392-p5udt7259xx,
0.0,p5udt392-p5udt7259x,
0.0,p5udt5080-p5udt7551x,
0.0,p5udt5080-p5udt7551xx,
0.0,p5udt1942-p5udt6496x,
0.0,p5udt258-p5udt6995x,
0.0,p5udt3176-p5udt795xx,
0.0,p5udt2968-p5udt474x,
0.0,p5udt1182-p5udt6326x,
0.0,p5udt2770-p5udt5776xx,
0.0,p5udt2770-p5udt5776x,
0.0,p5udt5346-p5udt6203x,
0.0,p5udt21589-p5udt22374xx,
0.0,p5udt2968-p5udt474xx,
0.0,p5udt5346-p5udt6203xx,
0.0,p5udt1719-p5udt1852xx,
0.0,p5udt1182-p5udt6326xx,
0.0,p5udt1719-p5udt1852x,
0.0,p5udt2626-p5udt3779xx,
0.0,p5udt14305-p5udt8746x,
0.0,p5udt14305-p5udt8746xx,
0.0,p5udt709-p5udt7563xx,
0.0,p5udt709-p5udt7563x,
0.0,p5udt27271-p5udt33384xx,
0.0,p5udt6457-p5udt6458xx,
0.0,p5udt6457-p5udt6458x,
0.0,p5udt2626-p5udt3779x,
0.0,p5udt21589-p5udt22374x,
0.9197464308336307,p1ulv20391,
0.9220063409552361,p1rdt4523-p1rdt5233x,
0.925644312671444,p1rlv9311,
0.9259732048272322,p1rlv8794,
0.9260416276953103,p1rdt6244lv,
0.92628728009742,p1rlv2533,
0.9267910863927736,p1rlv6665,
0.9275990084359063,p3ulv36964,
0.9278047827767215,p1rdt6509lv,
0.9283918664348318,p1rdm4813,
0.9290644619398604,p1rlv13371,
0.9293518197724997,p1rlv7190,
0.9302372804846076,p3udm5725,
0.9305154739512497,p1rdt2261lv,
0.9311707107414768,p1rdt5069lv,
0.9320111280069207,p1rdt5233_b2_1,
0.9320532086829616,p1rdt5233_b1_1,
0.9329056191225874,p1rlv7880,
0.932915248173239,p1rlv4892,
0.9330659898175114,p1rdt6509,
0.9331453496571782,p1rdt5233-p1rdt6509x_b2_1,
0.9331454537947648,p1rdt5233-p1rdt6509x_b1_1,
0.9331540945673201,p1rdt5233-p1rdt6509x,
0.933154094671894,p1rdt5233,
0.9333096967395307,p1rlv6907,
0.9336201413506467,p1rlv12866,
0.9336373326305777,p1ulv15227,
0.9338870277657997,p1ulv15226,
0.9340742887412021,p1rdt5069,
0.9340802520506651,p1rdm9882,
0.9341206501509136,p1rlv12049,
0.9350148607955233,p1rdt5658-p1rdt7010x,
0.9352712332251676,p1rdt5233lv,
0.9355946721887313,p1rdt5658-p1rdt7010xx,
0.9356814789838441,p1rdt5767,
0.9360600230304765,p1rlv1386,
0.9361267100170685,p1rdt6244,
0.936165777143864,p1rdt2261,
0.9362595609544362,p4ulv4062,
0.936315889348932,p1rlv11234,
0.9363241712139081,p1rlv4048,
0.9363863153188814,p1ulv43276,
0.9364633212873416,p1rlv5420,
0.9365019618161519,p1ulv2196,
0.9366937543624466,p1rdt8032,
0.9369045968032104,p1rlv558,
0.9369123742529029,p1rdt5767lv,
0.9370878916897313,p1rlv7528,
0.9371510507090626,p1rlv11367,
0.9372249736880646,p1rlv4047,
0.9372359313242375,p4ulv30874,
0.9374060268851547,p1rdt7414lv,
0.9374164175771666,p1rdm2871,
0.937571573114024,p3ulv24618,
0.9376385525104227,p4ulv39243,
0.9378286681198931,p3ulv8981,
0.9379678441638866,p1rdt7358lv,
0.9381028233165308,p4ulv17330,
0.9382780753587521,p3ulv1050,
0.9383069019813384,p1rlv13035,
0.9386986623469413,p4ulv28737,
0.938734477115625,p3ulv25390,
0.9387843346915041,p1rlv4267,
0.9389798096971952,p1rlv9355,
0.9390155438639564,p1ulv9025,
0.9390986468160929,p4ulv35076,
0.939114268285266,p1rdt8032lv,
0.9392609734576659,p1rdm1271,
0.9395123291286359,p3ulv80060,
0.9395584559470833,p1rlv1117,
0.9396218676686302,p3ulv5002,
0.9396560472532846,p3ulv66224,
0.9398930435347199,p1ulv31229,
0.9400169294847371,p1rdt3562lv,
0.9400736205516355,p4ulv2781,
0.9401801810201563,p3ulv1052,
0.9401974615828603,p4ulv34679,
0.9402108972427027,p1rlv2991,
0.940257634918527,p5ulv7086,
0.9402870540434419,p1rlv12251,
0.9403135808580773,p1rlv1642,
0.9403695824273439,p1rdm3336,
0.9404025862121556,p1rlv2729,
0.9404952873994135,p3udm15576,
0.9404968634800024,p4ulv43014,
0.9405699457276718,p4ulv275,
0.9405812526358657,p1rdt7414,
0.9405873402794237,p4ulv9506,
0.9406080432955206,p1rdt6244-p1rdt7414x,
0.940628374091871,p1rdm1270,
0.9407045306300285,p1rlv12921,
0.9407439280849355,p1rlv13165,
0.9407483968116614,p3ulv1842,
0.9407496548988799,p3ulv10515,
0.94082665256988,p1ulv54489,
0.9408294761951408,p3udm5727,
0.9408361676106216,p1rlv992,
0.9408680309238024,p1ulv46516,
0.940979536931885,p1rdm2368,
0.9409824454812454,p3ulv32411,
0.9410020151660714,p3ulv71657,
0.9410049182913273,p1rdm5517,
0.9410123410183842,p1rlv10066,
0.9410302083729981,p1rlv8843,
0.9412257014330432,p3ulv28492,
0.9412742573137901,p3ulv23746,
0.9413664975050495,p1rlv6454,
0.9414288260024402,p1rlv13037,
0.9414614649820943,p1rdm5111,
0.9416228864231667,p1ulv58806,
0.9416294124662432,p5udm15036,
0.9416714272788853,p1rlv5283,
0.9417204414966239,p4ulv18602,
0.9417373746926031,p1rlv8306,
0.9417899918744607,p1ulv22352,
0.9417903539980931,p4ulv12958,
0.9418208757480605,p1rdt7358,
0.9418450698643722,p3ulv74693,
0.9419060946714625,p3ulv54787,
0.9419312102443992,p1rlv4910,
0.9419625593511852,p1rlv7524,
0.9420150089920668,p4udm6956,
0.9420194686297635,p1rlv8718,
0.9420452440806972,p3ulv30794,
0.9420902074897659,p3ulv70914,
0.9421079481407638,p3ulv78510,
0.9421470749363532,p1rdm2874,
0.9422045722020723,p1rlv2046,
0.9422438329947092,p4ulv24882,
0.9422533973825755,p4ulv27473,
0.9422962838264799,p3ulv33196,
0.942381732620905,p1rlv11154,
0.942388272163863,p1rlv12401,
0.9423953815627544,p1rdm5521,
0.9424051092256379,p1rlv7801,
0.9424179187261812,p4udm6958,
0.9424822147274449,p1rlv4912,
0.9425092187722668,p1rlv6580,
0.9425273029487751,p3udm15575,
0.9425443347675405,p1rlv6579,
0.942568978982955,p1rlv12113,
0.9425728394701129,p1udm25772,
0.9425765877889836,p1rlv8304,
0.942611720317022,p3ulv17559,
0.9426820245272378,p1ulv35142,
0.9426982959448275,p3udm3058,
0.9427224642012407,p1rlv9100,
0.9427475487273781,p4ulv24493,
0.9427616241081233,p3udm5724,
0.9427643046845378,p1rlv8437,
0.9428212164129157,p1ulv23582,
0.942844085037775,p1rlv8722,
0.94285812970829,p1rdm2128,
0.942862556483013,p3ulv25391,
0.9429387690720604,p1rlv5154,
0.9429546718669982,p1rdm3333,
0.9429576686929697,p3ulv60081,
0.9429676796534837,p3udm26115,
0.9429680366456158,p1rlv305,
0.9429817581059792,p1rdm8193,
0.9429821249167175,p3udm64386,
0.9430212239793041,p1rlv12776,
0.9430273229964073,p1ulv45208,
0.9431839778491625,p4udm667,
0.9432308508902749,p3ulv22981,
0.9432704087488161,p1rlv7247,
0.9432774010407686,p1rdt544lv,
0.9432834990690337,p1rdm5520,
0.9432941645081057,p4ulv9509,
0.9433138020154859,p1ulv54487,
0.9433519031778633,p1rdt1056lv,
0.9433677091986095,p1rlv1234,
0.9433689001385981,p1ulv58126,
0.9433701551206809,p1rlv3369,
0.943401122610878,p4ulv42173,
0.9434029825530835,p3udm29726,
0.943406238127561,p1rdm3334,
0.9434249220791812,p1rlv12641,
0.9434451640000165,p1rdm9542,
0.9434836080812854,p4ulv19399,
0.9435048305175813,p1rlv5702,
0.9435417187004838,p1rdt6207lv,
0.9436142178684663,p1rlv3662,
0.9436319562967601,p1rdm2130,
0.9436383264986941,p3ulv69337,
0.9436787563948497,p4ulv32950,
0.9436873174439813,p4ulv39678,
0.9437405347556257,p1rdm11073,
0.9437485972030922,p1ulv902,
0.9437507010500824,p3udm26117,
0.9437884418507507,p1rlv13033,
0.9438112813794274,p1rlv12250,
0.9438170679086202,p1rdm2132,
0.9438265113008739,p3udm60575,
0.9438376031558936,p1rlv11153,
0.9438662878584486,p1rdm9545,
0.9438683796661141,p3ulv12111,
0.9438686213146104,p4ulv19859,
0.9438828577826294,p4ulv30446,
0.9439145674211906,p3ulv1051,
0.9439281436651363,p1rlv8058,
0.9439688927317853,p4udm668,
0.9440255529833855,p1rlv7669,
0.944054712584528,p1rlv4326,
0.94409946593844,p1rlv11980,
0.9441096136613838,p1rdm10151,
0.9441375329105293,p1rlv4614,
0.9441610856766808,p1rdt4160lv,
0.9441639939141764,p1rlv4324,
0.9441697646283722,p1ulv32536,
0.9442097800114843,p1rdm5518,
0.9442182842838636,p1ulv45189,
0.9442548153422412,p1rdt8049lv,
0.9442764491502259,p1rlv3113,
0.944286283077708,p1rdm11071,
0.9443194015962788,p1rlv4050,
0.9444140063408961,p1rdt1297lv,
0.9444186303164176,p3udm53571,
0.9444247626238146,p1rlv9938,
0.9444563858874795,p1rlv8053,
0.9444806899156599,p1udm37161,
0.9444814647584806,p3udm10742,
0.9444911278177391,p3ulv70916,
0.944493869882484,p1rlv9357,
0.9445088996659915,p4udm666,
0.9445320424267973,p4udm34834,
0.9445456723129698,p1rlv6577,
0.9445764079937801,p1rdt944lv,
0.9446230695059178,p3ulv45608,
0.9446286403651375,p4udm31016,
0.9446358280839479,p1rdm2133,
0.9446617502330702,p1rlv8175,
0.944663168427946,p1ulv9026,
0.9446799322641996,p1rdm7282,
0.9446804165853967,p1rlv9360,
0.9446864734242703,p1rdm5512,
0.944699564748703,p1rdm2592,
0.944715929978845,p4ulv4449,
0.9447221333156449,p1ulv6535,
0.9448015284442459,p3ulv30795,
0.9448033398035798,p4ulv14285,
0.9448092404135531,p3ulv35513,
0.9448729812289641,p4ulv27469,
0.9448751724999245,p3ulv74694,
0.9448956980670218,p3ulv37745,
0.9449203771961127,p4udm31018,
0.944930488091185,p1rlv5703,
0.9449338397820034,p1ulv42634,
0.9449338397820034,p1ulv22369,
0.9449388464502854,p1rlv11001,
0.9449508952500494,p1rdt6068lv,
0.9449674869199967,p1rlv4613,
0.944989832196681,p4ulv19854,
0.945050264198518,p4ulv26584,
0.9450522611977625,p3ulv41650,
0.9450549853786889,p4udt12806lv,
0.9450640457304679,p3udt4504lv,
0.9450713511502462,p1ulv41307,
0.9450760254816469,p4udt2623lv,
0.9451256374777346,p1rdt2414lv,
0.9451506254701902,p4ulv39247,
0.9452059198904327,p3ulv16832,
0.9452514468346469,p1rlv9937,
0.9452530281645414,p1rlv1114,
0.9452611257682034,p3udm29728,
0.9452756867686276,p1rdm9546,
0.9452766731299235,p3udt19734lv,
0.9452884516721533,p1udt21614lv,
0.9452900811570872,p1rdm12947,
0.9452992982913965,p1udt14726lv,
0.9453116697964716,p1rdm7279,
0.9453250013939253,p5ulv11444,
0.9453253508326839,p1rdm5519,
0.9453649669164024,p1rdm7283,
0.9454078261715728,p1rdm78,
0.9454176506751019,p4udm31424,
0.9454266771269015,p1rdm7278,
0.9454348692752799,p1rlv5418,
0.9454413795125325,p3ulv60875,
0.9454909825906692,p1rlv1646,
0.9454967676731478,p3ulv14434,
0.9455365681891316,p1rlv11277,
0.9455930887449213,p1rdt1520lv,
0.9455954317278875,p1udm25776,
0.9456084636165497,p1rdm9547,
0.9456311902968054,p3ulv24620,
0.9456381136606102,p3udt893lv,
0.9456562189067627,p1rdm5511,
0.9456574924183914,p1rdm5513,
0.945658052136705,p1rlv2989,
0.9456839016904758,p4udt13889lv,
0.9456883093699989,p3ulv30793,
0.945693909004423,p3ulv72416,
0.9456953356449858,p3ulv22980,
0.94570202723458,p4udt13478lv,
0.9457111334306033,p3ulv62407,
0.9457173390266188,p1rdm2135,
0.9457412966332671,p3udt22210lv,
0.9457788084772525,p1rlv11708,
0.9457798102948853,p3ulv67794,
0.9457982091830264,p1udm37160,
0.9458191291294318,p3ulv19867,
0.9458387948587089,p1rdm703,
0.9458607229960826,p1ulv28764,
0.9459366560185878,p1rdm1274,
0.9459538844959846,p3ulv9708,
0.9459628907055945,p3ulv15217,
0.9459833004012848,p4udt11049lv,
0.9460515516373272,p1rdm2594,
0.946060963026395,p1rlv4757,
0.9460922425053215,p1rlv7525,
0.9461152575695049,p1udm46180,
0.9461190447004599,p1rlv11707,
0.9461401354196627,p3udm27929,
0.9461477298320746,p4udt7961lv,
0.9461538426817865,p1rdt1053lv,
0.9461719977343196,p1rlv168,
0.9461874499505886,p3udt1656lv,
0.94620026128697,p1rlv2464,
0.9462113326747537,p4udt269lv,
0.9462230156173821,p1rlv11985,
0.9462264408187957,p3ulv11350,
0.9462282252815274,p4ulv37155,
0.9462342226753878,p1rdt3606lv,
0.9462655414966261,p1rlv8305,
0.9462785067631555,p3ulv3411,
0.9462980569105334,p1rdt3604lv,
0.9463294116062955,p1rdt5017lv,
0.9463492221280788,p1rdm2593,
0.9463565030456144,p1rdt2623lv,
0.9463658445060866,p3ulv56324,
0.9463893598511405,p4udt7964lv,
0.9463949448581196,p1ulv10892,
0.9464152019054647,p1udm53444,
0.9464465822221312,p1ulv11496,
0.9464699829767471,p3ulv38498,
0.9464786470621925,p1udm48604,
0.9464882753193058,p1rdm4034,
0.9464984010295849,p1rlv10305,
0.9465003049110624,p4udt21353lv,
0.9465239515818169,sb2_p3uhs20_1247_node_2_10,
0.9465249348032524,p1rlv36,
0.9465335185547238,p1rdt2205lv,
0.9465336365215843,sb2_p3uhs20_1247_node_2_18,
0.9465433214806854,sb2_p3uhs20_1247_bus_2_1,
0.9465456379057036,p5udm15038,
0.946550314947941,p4udt14144lv,
0.9465530064591199,sb2_p3uhs20_1247_node_2_6,
0.9465626914568871,sb2_p3uhs20_1247_node_2_5,
0.9465723764739864,p3uhs20_69,
0.9465820615104171,p3uhs19_69-p3uhs20_69xx,
0.9466063781601516,p1rlv7245,
0.9466240679243018,p1rlv993,
0.9466299622203993,p3udt892lv,
0.9466441101933878,p3udt20333lv,
0.9466997086490038,p1rdt2621lv,
0.946732150536043,p3ulv68574,
0.946736047944142,p3udt891lv,
0.9467469552520782,p1rlv2595,
0.9467580212326235,p1rlv3520,
0.9467619532979599,p1rlv3519,
0.9467763420768985,p1rlv11709,
0.9468162636697947,p1rlv13808,
0.9468397925982712,p1rlv12922,
0.9468487194125281,p3ulv63925,
0.9468490822872323,p4udt10234lv,
0.9468841227984233,p1ulv23016,
0.9469171481195896,p1rlv4046,
0.9469445608367593,p3udt21468lv,
0.9469538043255663,p3udt7693lv,
0.9469613491193086,p3ulv55543,
0.9469671419936806,p4udt16353lv,
0.9469795807168866,p1rdt4236lv,
0.9469893826888256,p1ulv24845,
0.9470039993975123,p1rlv6087,
0.9470135465292001,p3ulv50181,
0.9470149291806759,p1rlv9497,
0.9470539997201589,p1udm19888,
0.9470586906502126,p4udt22270lv,
0.9470644967183213,p1rlv4053,
0.9470766777328464,p1rlv6084,
0.9471138885582191,p1rdt945lv,
0.9471198281058862,p1rlv13036,
0.9471228205085999,p3udt17340lv,
0.9471589457316352,p1ulv33764,
0.9471700364772919,p1rlv8438,
0.947181037688755,p1rlv9782,
0.9471900159887953,p1rdt7562lv,
0.9472227542558018,p4udt23121lv,
0.9472339419228897,p1rlv13810,
0.9472380642449926,p1rdm10380,
0.9472467877110652,p1rlv699,
0.9472518158926875,p4ulv12959,
0.9472683122818538,p1udm37162,
0.9472869751979099,p1ulv28043,
0.9473117213976594,p1rlv7527,
0.9474174557113835,p1udm30702,
0.9474633161635313,p4udm9848,
0.947471936250907,p1rlv9354,
0.9474778049270277,p4udt18878lv,
0.9474895092688054,p1rdm9548,
0.9474962986153965,p1ulv33117,
0.9475308773818146,p1ulv4606,
0.9475472450952055,p1udm25775,
0.947549572841568,p3udt16973lv,
0.9475729711592699,p1ulv23015,
0.9475761837517767,p1rdm4037,
0.947592251903289,p1rdt3562,
0.9475958387618376,p1rdm6244,
0.9476000918183999,p3ulv49422,
0.9476015410555947,p3udt8828lv,
0.9476036607462132,p1rdm10383,
0.9476094240463123,p1ulv64983,
0.9476243568685221,p3ulv73936,
0.9476258346921386,p1rlv10185,
0.9476388184405335,p3udt14607lv,
0.9476395029853013,p4ulv23275,
0.9476576758380958,p3udt28512lv,
0.9476675835079987,p1rlv8980,
0.9476711512301628,p1rdm13433,
0.9477085688411934,p3udt11954lv,
0.9477459714508546,p1rlv7373,
0.9477663877406368,p1ulv50780,
0.9477689279974818,p3udt13340lv,
0.9477727502290492,p3udt8252lv,
0.9477747430157321,p1rlv3661,
0.9477828844673575,p3udm10741,
0.9477964357824497,p4ulv32115,
0.9478031193646077,p1ulv11497,
0.947808183442881,p1rlv6342,
0.9478351567649761,p1rlv2180,
0.9478485569841429,p1rdt1165lv,
0.9478550221253288,p4ulv5728,
0.9478835597744165,p1ulv8417,
0.9478842872952116,p1rlv1112,
0.9478890235582943,p1rlv12525,
0.9478969641478255,p1rdm704,
0.9479033467422316,p1rdm76,
0.9479170376089835,p3udt28835lv,
0.9479425389527515,p1rdm4033,
0.947959449619332,p1rdm1862,
0.947973669253388,p3udt29921lv,
0.9479791496625526,p3udt9404lv,
0.9479914603259452,p3udt16214lv,
0.948007363561422,p1rlv8716,
0.9480090630862931,p1rlv10306,
0.9480092699816464,p1ulv48239,
0.9480149770031979,p5ulv13052,
0.9480394221897613,p1rlv13034,
0.9480930120980021,p1ulv24844,
0.9481225793883914,p1rdm10153,
0.9481258917354526,p1rlv12920,
0.9481336971597268,p1rlv11002,
0.9481403857775992,p1udt2085lv,
0.948191693879114,p3udt29165lv,
0.9482043357977817,p1rdm388,
0.9482048636264769,p1ulv25502,
0.9482230750543695,p4udt4095lv,
0.9482288424636965,p1ulv48307,
0.9482561480557111,p1rlv2045,
0.9482562066173202,p1udm57152,
0.9482656180324296,p1ulv48240,
0.948276535905814,p1ulv9749,
0.9483005668149925,p1ulv18454,
0.9483171864995038,p1rlv13164,
0.9483198216983018,p1rdm8461,
0.9483325679111145,p1rlv855,
0.9483833397335264,p1rlv10304,
0.9483851420512628,p3udt22464lv,
0.9483880472386255,p3udt9929lv,
0.9484363728615784,p1rdm6937,
0.9484379360266441,p1udm14761,
0.9484386277224984,p1rlv559,
0.9484411781127035,p3udt30084lv,
0.9484699610444299,p1rlv5705,
0.9484776084166502,p1rlv3917,
0.9484847014074473,p1ulv26752,
0.9484959146076164,p1rlv6338,
0.9484964928253232,p1rlv3371,
0.9485146088696951,p1ulv58128,
0.9485153272941127,p1rdm386,
0.9485216332445852,p1rdm4035,
0.9485232108664269,p1rlv9647,
0.94852344041513,p1rdm1859,
0.9485394123927829,p3udt12927lv,
0.9485464560026231,p4ulv14702,
0.9485491363802778,p1rdt4720lv,
0.9485631584234119,p1rlv2181,
0.9485696859922994,p1rlv1643,
0.9485764134838034,p1rdt5580lv,
0.9485789388196695,p1rlv11274,
0.9485916701393532,p3udt25980lv,
0.9486236550701124,p1rdt5018lv,
0.9486252262433157,p1rlv7532,
0.9486257874747922,p1ulv52058,
0.9486802493339188,p1ulv21050,
0.9486950763371981,p1rdm6243,
0.9487147462955196,p1rlv9784,
0.9487574104320629,p1rlv13687,
0.948758156897473,p1rlv1641,
0.9488001296106825,p1ulv31158,
0.9488304452138021,p1rlv1111,
0.948855138222799,p1rlv6089,
0.9488706949437362,p1rdm706,
0.9488825226647805,p4udm13294,
0.9489004650949335,p4udt15820lv,
0.9489068629826667,p1rlv1113,
0.9489241945375398,p1rdm1857,
0.9489242452906839,p3udt31107lv,
0.948925997764244,p1rlv701,
0.948965062961721,p1rdm4032,
0.9489972807566048,p1rdm2360,
0.9490046254594421,p1rdm705,
0.9490182717383979,p1ulv61891,
0.9490370963420413,p3udt3093lv,
0.9490473724829372,p1rdm5108,
0.9490735309711806,p1rlv6086,
0.9490913692496799,p1rdm1559,
0.9491137733426764,p3ulv23744,
0.9491155484958567,p1udm18400,
0.9491525432960792,p1rdm11692,
0.9491921306747085,p3ulv61897,
0.9491931802221262,p1rdm1275,
0.9492443909259247,p1udm3173,
0.9492491791463489,p1rlv5701,
0.9492589043630201,p1ulv41382,
0.9492828385635265,p1rlv7376,
0.9492861967057455,p1rdm714,
0.9492944243119402,p1rlv11550,
0.9493492085087267,p1ulv5307,
0.9493520686796211,p1ulv38225,
0.9493581362896296,p1rdm10152,
0.9493948794797292,p1rlv5700,
0.9493976900917711,p1rlv2463,
0.949461111300174,p1rdm10386,
0.9494639701400232,p1rlv8056,
0.949471035872435,p1rdm10385,
0.9494888892396054,p5udm14347,
0.9495204231783209,p3udt27318lv,
0.949535160482112,p1rlv8978,
0.9495403075774116,p1udm19890,
0.9495415192359696,p1rlv13297,
0.9495438523671895,p1rdt3410lv,
0.9495604729911441,p1rdm712,
0.9495624800852399,p1udm14760,
0.949564179794142,p1rlv5957,
0.949567241797782,p1rlv11981,
0.949603139063349,p1udt11296lv,
0.9496193438349736,p1udm14763,
0.9496741165943772,p1rdm1013,
0.9497059378088392,p1rdm1864,
0.9497155754666298,p1rlv4913,
0.9497193751853488,p4udt13478,
0.9497349271359861,p1udm18414,
0.9497613788523815,p4udt7961,
0.9497628692707313,p1rlv4911,
0.9497679120014859,p1udm51746,
0.9497949179525587,p1rlv3051,
0.9497975049030198,p4udm13295,
0.9498088105955507,p4udt10234,
0.949808936417639,p4udt11049,
0.9498118543377699,p1rlv10307,
0.9498126089984774,p1rdm2357,
0.94983669510837,p1rdt428-p1rdt6205xx,
0.9498393730121012,p3ulv16830,
0.9498472765777152,p1rlv307,
0.9498518798389994,p1ulv36391,
0.949880691601191,p1rdm1273,
0.9498940742700296,p1rlv7103,
0.9499054014562108,p1rlv11982,
0.9499273912193625,p1rlv437,
0.9499294979986529,p1rdt428-p1rdt6205x,
0.9499294994394466,p1rdt428,
0.9499366765322428,p4udt21353,
0.9499486020291413,p1ulv8483,
0.9499515737341562,p1rdt7562,
0.9499527100931221,p1rlv6341,
0.9499784577542363,p4ulv14701,
0.9499908569797924,p1rdt3027,
0.9499955815366409,p1ulv11498,
0.9499989371823907,p1rdm2888,
