Loading (p.u.),Name,Bus1,Bus2,
1.0006664710330426,Line.l(r:p3udt13497-p3udt7313),p3udt13497-p3udt7313x.1.2.3,p3udt13497-p3udt7313xx.1.2.3,
1.0012537207339993,Line.padswitch(r:p3udt17358-p3udt3822)p3u_178014,p3udt3822.1.2.3,p3udt17358-p3udt3822xx.1.2.3,
1.001253723130788,Line.l(r:p3udt17358-p3udt3822),p3udt17358-p3udt3822xx.1.2.3,p3udt17358-p3udt3822x.1.2.3,
1.0013611271290508,Line.padswitch(r:p5udt22335-p5udt8239)p5u_135003,p5udt22335-p5udt8239xx.1.2.3,p5udt8239.1.2.3,
1.001361129316951,Line.padswitch(r:p5udt8239-p5udt8761)p5u_135000,p5udt8239.1.2.3,p5udt8239-p5udt8761x.1.2.3,
1.0015209168494965,Line.sb2_p1uhs18_1247_362,sb2_p1uhs18_1247_bus_2_2.1.2.3,sb2_p1uhs18_1247_node_2_11.1.2.3,
1.0017205436393841,Line.padswitch(r:p5udt1820-p5udt928)p5u_117353,p5udt928.1.2.3,p5udt1820-p5udt928xx.1.2.3,
1.0024767023734833,Line.l(r:p1udt20099-p1uhs22_1247),p1udt20099-p1uhs22_1247x.1.2.3,p1udt20099.1.2.3,
1.002490687114623,Line.padswitch(r:p1udt20099-p1udt7408)p1u_264578,p1udt20099.1.2.3,p1udt20099-p1udt7408x.1.2.3,
1.0024906882059683,Line.l(r:p1udt20099-p1udt7408),p1udt20099-p1udt7408x.1.2.3,p1udt20099-p1udt7408xx.1.2.3,
1.0030904711053004,Line.sb10_p1uhs20_1247_313,sb10_p1uhs20_1247_bus_10_7.1.2.3,p1udt2578-p1uhs20_1247x.1.2.3,
1.0032946838075993,Line.padswitch(r:p1udt3543-p1udt6045)p1u_264508,p1udt6045.1.2.3,p1udt3543-p1udt6045xx.1.2.3,
1.003294684900151,Line.l(r:p1udt3543-p1udt6045),p1udt3543-p1udt6045xx.1.2.3,p1udt3543-p1udt6045x.1.2.3,
1.0033077705003155,Line.l(r:p1udt3543-p1udt5042),p1udt3543-p1udt5042x.1.2.3,p1udt3543-p1udt5042xx.1.2.3,
1.0033206472620844,Line.l(r:p1udt24310-p1udt5042),p1udt24310-p1udt5042xx.1.2.3,p1udt24310-p1udt5042x.1.2.3,
1.0033291889973812,Line.padswitch(r:p1udt24310-p1udt5042)p1u_264505,p1udt24310-p1udt5042x.1.2.3,p1udt24310.1.2.3,
1.0033291900656238,Line.padswitch(r:p1udt23075-p1udt24310)p1u_264502,p1udt24310.1.2.3,p1udt23075-p1udt24310xx.1.2.3,
1.0033291911356403,Line.l(r:p1udt23075-p1udt24310),p1udt23075-p1udt24310xx.1.2.3,p1udt23075-p1udt24310x.1.2.3,
1.0033334489565116,Line.padswitch(r:p1udt23075-p1udt24310)p1u_264503,p1udt23075-p1udt24310x.1.2.3,p1udt23075.1.2.3,
1.003552774243652,Line.padswitch(r:p3udt11693-p3udt3438)p3u_192095,p3udt11693.1.2.3,p3udt11693-p3udt3438x.1.2.3,
1.0036155525214003,Line.padswitch(r:p1udt13868-p1udt17325)p1u_235741,p1udt13868.1.2.3,p1udt13868-p1udt17325x.1.2.3,
1.003825054232507,Line.padswitch(r:p1udt6304-p1udt927)p1u_233619,p1udt6304.1.2.3,p1udt6304-p1udt927x.1.2.3,
1.003825057075973,Line.l(r:p1udt6304-p1udt927),p1udt6304-p1udt927x.1.2.3,p1udt6304-p1udt927xx.1.2.3,
1.0038461435151123,Line.padswitch(r:p1udt15270-p1udt927)p1u_233617,p1udt927.1.2.3,p1udt15270-p1udt927xx.1.2.3,
1.0038461463687804,Line.l(r:p1udt15270-p1udt927),p1udt15270-p1udt927xx.1.2.3,p1udt15270-p1udt927x.1.2.3,
1.004289180493589,Line.l(r:p5udm6902-p5udt1877lv),p5udt1877lv.1.2,p5udm6902.1.2,
1.004379207456472,Line.l(r:p1udt6910-p1uhs18_1247),p1udt6910-p1uhs18_1247x.1.2.3,p1udt6910.1.2.3,
1.004482844226776,Line.sb8_p5uhs2_1247_402,sb8_p5uhs2_1247_node_8_4.1.2.3,sb8_p5uhs2_1247_bus_8_1.1.2.3,
1.0044828977269313,Line.padswitch(r:p1udt14057-p1udt6910)p1u_256068,p1udt6910.1.2.3,p1udt14057-p1udt6910xx.1.2.3,
1.0044828999489361,Line.l(r:p1udt14057-p1udt6910),p1udt14057-p1udt6910xx.1.2.3,p1udt14057-p1udt6910x.1.2.3,
1.0044932399359237,Line.padswitch(r:p1udt14057-p1udt6910)p1u_256069,p1udt14057-p1udt6910x.1.2.3,p1udt14057.1.2.3,
1.0044932421474304,Line.padswitch(r:p1udt10088-p1udt14057)p1u_256066,p1udt14057.1.2.3,p1udt10088-p1udt14057xx.1.2.3,
1.0044932443631571,Line.l(r:p1udt10088-p1udt14057),p1udt10088-p1udt14057xx.1.2.3,p1udt10088-p1udt14057x.1.2.3,
1.004513888544697,Line.padswitch(r:p1udt10088-p1udt14057)p1u_256067,p1udt10088-p1udt14057x.1.2.3,p1udt10088.1.2.3,
1.004513890757407,Line.padswitch(r:p1udt10088-p1udt5998)p1u_256064,p1udt10088.1.2.3,p1udt10088-p1udt5998x.1.2.3,
1.0045138929652926,Line.l(r:p1udt10088-p1udt5998),p1udt10088-p1udt5998x.1.2.3,p1udt10088-p1udt5998xx.1.2.3,
1.0045396488509806,Line.padswitch(r:p1udt10088-p1udt5998)p1u_256065,p1udt10088-p1udt5998xx.1.2.3,p1udt5998.1.2.3,
1.004539651057956,Line.padswitch(r:p1udt5998-p1udt7759)p1u_256060,p1udt5998.1.2.3,p1udt5998-p1udt7759x.1.2.3,
1.004539653264701,Line.l(r:p1udt5998-p1udt7759),p1udt5998-p1udt7759x.1.2.3,p1udt5998-p1udt7759xx.1.2.3,
1.0045550811082147,Line.padswitch(r:p1udt5998-p1udt7759)p1u_256061,p1udt5998-p1udt7759xx.1.2.3,p1udt7759.1.2.3,
1.0045550855132885,Line.l(r:p1udt7759-p1udt8171),p1udt7759-p1udt8171x.1.2.3,p1udt7759-p1udt8171xx.1.2.3,
1.0045754626293018,Line.l(r:p1udt17021-p1udt8171),p1udt17021-p1udt8171xx.1.2.3,p1udt17021-p1udt8171x.1.2.3,
1.0045956439777999,Line.l(r:p1udt17021-p1udt17235),p1udt17021-p1udt17235x.1.2.3,p1udt17021-p1udt17235xx.1.2.3,
1.0046107532385444,Line.padswitch(r:p1udt17021-p1udt17235)p1u_256055,p1udt17021-p1udt17235xx.1.2.3,p1udt17235.1.2.3,
1.0046107554209815,Line.padswitch(r:p1udt10455-p1udt17235)p1u_256052,p1udt17235.1.2.3,p1udt10455-p1udt17235xx.1.2.3,
1.0046107576125332,Line.l(r:p1udt10455-p1udt17235),p1udt10455-p1udt17235xx.1.2.3,p1udt10455-p1udt17235x.1.2.3,
1.0046570334423912,Line.padswitch(r:p1udt24764-p1udt9499)p1u_244794,p1udt9499.1.2.3,p1udt24764-p1udt9499xx.1.2.3,
1.0048525815435077,Line.padswitch(r:p3udt11095-p3udt24288)p3u_178976,p3udt11095-p3udt24288x.1.2.3,p3udt11095.1.2.3,
1.0055653850105999,Line.padswitch(r:p5udt5291-p5udt928)p5u_117356,p5udt5291-p5udt928xx.1.2.3,p5udt928.1.2.3,
1.0058239792849235,Line.sb2_p3uhs20_1247_362,sb2_p3uhs20_1247_bus_2_2.1.2.3,sb2_p3uhs20_1247_node_2_11.1.2.3,
1.0059436793822263,Line.sb2_p5uhs4_1247_68,sb2_p5uhs4_1247_bus_2_5.1.2.3,p5udt4324-p5uhs4_1247x.1.2.3,
1.0061986707384143,Line.l(r:p5udt10255-p5udt26885),p5udt10255-p5udt26885xx.1.2.3,p5udt10255-p5udt26885x.1.2.3,
1.0062206767620858,Line.padswitch(r:p5udt10255-p5udt26885)p5u_135009,p5udt10255-p5udt26885x.1.2.3,p5udt10255.1.2.3,
1.0062641173317244,Line.padswitch(r:p5udt17681-p5udt31922)p5u_139853,p5udt31922.1.2.3,p5udt17681-p5udt31922xx.1.2.3,
1.0062641199112203,Line.l(r:p5udt17681-p5udt31922),p5udt17681-p5udt31922xx.1.2.3,p5udt17681-p5udt31922x.1.2.3,
1.006281559477723,Line.padswitch(r:p5udt17681-p5udt31922)p5u_139854,p5udt17681-p5udt31922x.1.2.3,p5udt17681.1.2.3,
1.0063784099327666,Line.padswitch(r:p1udt16518-p1udt23496)p1u_242229,p1udt16518.1.2.3,p1udt16518-p1udt23496x.1.2.3,
1.0063818274779706,Line.padswitch(r:p1udt10091-p1udt554)p1u_256024,p1udt554.1.2.3,p1udt10091-p1udt554xx.1.2.3,
1.0065286403593205,Line.l(r:p5udt1394-p5udt6525),p5udt1394.1.2.3,p5udt6525.1.2.3,
1.0066104579702315,Line.padswitch(r:p5udt11624-p5udt8133)p5u_136030,p5udt11624.1.2.3,p5udt11624-p5udt8133x.1.2.3,
1.0066298189834753,Line.padswitch(r:p5udt11624-p5udt8133)p5u_136031,p5udt11624-p5udt8133xx.1.2.3,p5udt8133.1.2.3,
1.0075958985981333,Line.breaker(r:p5uts0_69-st_mat)p5u_150997,p5uts0_69-st_matx.1.2.3,p5uts0_69.1.2.3,
1.0077058395608254,Line.l(r:p3udt20056-p3udt20937),p3udt20056-p3udt20937xx.1.2.3,p3udt20056-p3udt20937x.1.2.3,
1.0080348919687667,Line.l(r:p1udt21266-p1udt8542),p1udt21266-p1udt8542x.1.2.3,p1udt21266-p1udt8542xx.1.2.3,
1.0080487045464084,Line.padswitch(r:p1udt21266-p1udt8542)p1u_263800,p1udt21266-p1udt8542xx.1.2.3,p1udt8542.1.2.3,
1.0091120938089169,Line.l(r:p5udt7484-p5udt7652),p5udt7484.1.2.3,p5udt7652.1.2.3,
1.0101471282577317,Line.padswitch(r:p5udt13524-p5udt22335)p5u_135005,p5udt13524-p5udt22335xx.1.2.3,p5udt22335.1.2.3,
1.0105374162036331,Line.padswitch(r:p5udt10255-p5udt13524)p5u_135006,p5udt10255.1.2.3,p5udt10255-p5udt13524x.1.2.3,
1.0105437272114122,Line.padswitch(r:p3udt21065-p3udt26275)p3u_183317,p3udt26275.1.2.3,p3udt21065-p3udt26275xx.1.2.3,
1.0105586475395754,Line.padswitch(r:p3udt21065-p3udt26275)p3u_183318,p3udt21065-p3udt26275x.1.2.3,p3udt21065.1.2.3,
1.010558652307139,Line.padswitch(r:p3udt21065-p3udt5483)p3u_183311,p3udt21065.1.2.3,p3udt21065-p3udt5483x.1.2.3,
1.0106852668855064,Line.breaker(r:p2uhs1_69-p2uts0_69)p2u_45437,p2uhs1_69-p2uts0_69x.1.2.3,p2uhs1_69.1.2.3,
1.0107199766854236,Line.l(r:p1udt12343-p1udt16223),p1udt12343-p1udt16223x.1.2.3,p1udt12343-p1udt16223xx.1.2.3,
1.01073954605287,Line.padswitch(r:p1udt12343-p1udt16223)p1u_260307,p1udt12343-p1udt16223xx.1.2.3,p1udt16223.1.2.3,
1.0107395483743904,Line.padswitch(r:p1udt16223-p1udt840)p1u_260304,p1udt16223.1.2.3,p1udt16223-p1udt840x.1.2.3,
1.0107395507012908,Line.l(r:p1udt16223-p1udt840),p1udt16223-p1udt840x.1.2.3,p1udt16223-p1udt840xx.1.2.3,
1.0107617888356468,Line.padswitch(r:p1udt16223-p1udt840)p1u_260305,p1udt16223-p1udt840xx.1.2.3,p1udt840.1.2.3,
1.010761791154695,Line.padswitch(r:p1udt13907-p1udt840)p1u_260302,p1udt840.1.2.3,p1udt13907-p1udt840xx.1.2.3,
1.010761793477047,Line.l(r:p1udt13907-p1udt840),p1udt13907-p1udt840xx.1.2.3,p1udt13907-p1udt840x.1.2.3,
1.0107937318798994,Line.padswitch(r:p1udt13907-p1udt840)p1u_260303,p1udt13907-p1udt840x.1.2.3,p1udt13907.1.2.3,
1.0107937341927438,Line.padswitch(r:p1udt13907-p1udt6673)p1u_260300,p1udt13907.1.2.3,p1udt13907-p1udt6673x.1.2.3,
1.0107937365093767,Line.l(r:p1udt13907-p1udt6673),p1udt13907-p1udt6673x.1.2.3,p1udt13907-p1udt6673xx.1.2.3,
1.0108142428862013,Line.padswitch(r:p1udt13907-p1udt6673)p1u_260301,p1udt13907-p1udt6673xx.1.2.3,p1udt6673.1.2.3,
1.010814245196085,Line.padswitch(r:p1udt24154-p1udt6673)p1u_260298,p1udt6673.1.2.3,p1udt24154-p1udt6673xx.1.2.3,
1.0108142475046902,Line.l(r:p1udt24154-p1udt6673),p1udt24154-p1udt6673xx.1.2.3,p1udt24154-p1udt6673x.1.2.3,
1.0108296025727574,Line.padswitch(r:p1udt24154-p1udt6673)p1u_260299,p1udt24154-p1udt6673x.1.2.3,p1udt24154.1.2.3,
1.0117625577880307,Line.l(r:p1udm35502-p1udt10708lv),p1udt10708lv.1.2,p1udm35502.1.2,
1.0119466451173647,Line.padswitch(r:p5udt11624-p5udt8660)p5u_136033,p5udt11624-p5udt8660x.1.2.3,p5udt11624.1.2.3,
1.0120845221216936,Line.l(r:p1udt20150-p1udt25256),p1udt20150-p1udt25256x.1.2.3,p1udt20150-p1udt25256xx.1.2.3,
1.012092500835643,Line.padswitch(r:p1udt20150-p1udt25256)p1u_261735,p1udt20150-p1udt25256xx.1.2.3,p1udt25256.1.2.3,
1.0120925029654295,Line.padswitch(r:p1udt20913-p1udt25256)p1u_261732,p1udt25256.1.2.3,p1udt20913-p1udt25256xx.1.2.3,
1.012092505096059,Line.l(r:p1udt20913-p1udt25256),p1udt20913-p1udt25256xx.1.2.3,p1udt20913-p1udt25256x.1.2.3,
1.0121095269669906,Line.padswitch(r:p1udt20913-p1udt25256)p1u_261733,p1udt20913-p1udt25256x.1.2.3,p1udt20913.1.2.3,
1.012109529098451,Line.padswitch(r:p1udt20913-p1udt22152)p1u_261730,p1udt20913.1.2.3,p1udt20913-p1udt22152x.1.2.3,
1.0121095312198916,Line.l(r:p1udt20913-p1udt22152),p1udt20913-p1udt22152x.1.2.3,p1udt20913-p1udt22152xx.1.2.3,
1.0121233863512513,Line.padswitch(r:p1udt20913-p1udt22152)p1u_261731,p1udt20913-p1udt22152xx.1.2.3,p1udt22152.1.2.3,
1.0121233884728416,Line.padswitch(r:p1udt16447-p1udt22152)p1u_261712,p1udt22152.1.2.3,p1udt16447-p1udt22152xx.1.2.3,
1.012123390594745,Line.l(r:p1udt16447-p1udt22152),p1udt16447-p1udt22152xx.1.2.3,p1udt16447-p1udt22152x.1.2.3,
1.012146756739369,Line.padswitch(r:p1udt16447-p1udt22152)p1u_261713,p1udt16447-p1udt22152x.1.2.3,p1udt16447.1.2.3,
1.0121467588581698,Line.padswitch(r:p1udt10258-p1udt16447)p1u_261708,p1udt16447.1.2.3,p1udt10258-p1udt16447xx.1.2.3,
1.0121467609736607,Line.l(r:p1udt10258-p1udt16447),p1udt10258-p1udt16447xx.1.2.3,p1udt10258-p1udt16447x.1.2.3,
1.0121678077525709,Line.padswitch(r:p1udt10258-p1udt16447)p1u_261709,p1udt10258-p1udt16447x.1.2.3,p1udt10258.1.2.3,
1.0121678098670555,Line.padswitch(r:p1udt10258-p1udt2582)p1u_261706,p1udt10258.1.2.3,p1udt10258-p1udt2582x.1.2.3,
1.0121678119754656,Line.l(r:p1udt10258-p1udt2582),p1udt10258-p1udt2582x.1.2.3,p1udt10258-p1udt2582xx.1.2.3,
1.012176371165683,Line.padswitch(r:p1udt10258-p1udt2582)p1u_261707,p1udt10258-p1udt2582xx.1.2.3,p1udt2582.1.2.3,
1.0121763753796054,Line.l(r:p1udt18730-p1udt2582),p1udt18730-p1udt2582xx.1.2.3,p1udt18730-p1udt2582x.1.2.3,
1.0121857612044636,Line.padswitch(r:p1udt18730-p1udt2582)p1u_261705,p1udt18730-p1udt2582x.1.2.3,p1udt18730.1.2.3,
1.0121857633086209,Line.padswitch(r:p1udt11978-p1udt18730)p1u_261702,p1udt18730.1.2.3,p1udt11978-p1udt18730xx.1.2.3,
1.0121857654138844,Line.l(r:p1udt11978-p1udt18730),p1udt11978-p1udt18730xx.1.2.3,p1udt11978-p1udt18730x.1.2.3,
1.0121998286809535,Line.l(r:p1udt11978-p1udt4694),p1udt11978-p1udt4694x.1.2.3,p1udt11978-p1udt4694xx.1.2.3,
1.0122185462148598,Line.padswitch(r:p1udt11978-p1udt4694)p1u_261701,p1udt11978-p1udt4694xx.1.2.3,p1udt4694.1.2.3,
1.0122185483098765,Line.padswitch(r:p1udt4694-p1udt7955)p1u_261698,p1udt4694.1.2.3,p1udt4694-p1udt7955x.1.2.3,
1.0122185504042605,Line.l(r:p1udt4694-p1udt7955),p1udt4694-p1udt7955x.1.2.3,p1udt4694-p1udt7955xx.1.2.3,
1.0122488571332897,Line.padswitch(r:p1udt4694-p1udt7955)p1u_261699,p1udt4694-p1udt7955xx.1.2.3,p1udt7955.1.2.3,
1.012248859220705,Line.padswitch(r:p1udt11301-p1udt7955)p1u_261696,p1udt7955.1.2.3,p1udt11301-p1udt7955xx.1.2.3,
1.0122488613074583,Line.l(r:p1udt11301-p1udt7955),p1udt11301-p1udt7955xx.1.2.3,p1udt11301-p1udt7955x.1.2.3,
1.0122722677365439,Line.padswitch(r:p1udt11301-p1udt7955)p1u_261697,p1udt11301-p1udt7955x.1.2.3,p1udt11301.1.2.3,
1.0122722698177693,Line.padswitch(r:p1udt11301-p1udt7113)p1u_261694,p1udt11301.1.2.3,p1udt11301-p1udt7113x.1.2.3,
1.012272271899158,Line.l(r:p1udt11301-p1udt7113),p1udt11301-p1udt7113x.1.2.3,p1udt11301-p1udt7113xx.1.2.3,
1.0122981265923112,Line.padswitch(r:p1udt11301-p1udt7113)p1u_261695,p1udt11301-p1udt7113xx.1.2.3,p1udt7113.1.2.3,
1.0122981286609762,Line.padswitch(r:p1udt7113-p1udt811)p1u_261692,p1udt7113.1.2.3,p1udt7113-p1udt811x.1.2.3,
1.0122981307305472,Line.l(r:p1udt7113-p1udt811),p1udt7113-p1udt811x.1.2.3,p1udt7113-p1udt811xx.1.2.3,
1.0127756454344927,Line.padswitch(r:p3udt22476-p3udt27683)p3u_178018,p3udt22476.1.2.3,p3udt22476-p3udt27683x.1.2.3,
1.0127756478543855,Line.l(r:p3udt22476-p3udt27683),p3udt22476-p3udt27683x.1.2.3,p3udt22476-p3udt27683xx.1.2.3,
1.0128021082355372,Line.padswitch(r:p3udt23934-p3udt3668)p3u_186133,p3udt23934.1.2.3,p3udt23934-p3udt3668x.1.2.3,
1.0128021107890472,Line.l(r:p3udt23934-p3udt3668),p3udt23934-p3udt3668x.1.2.3,p3udt23934-p3udt3668xx.1.2.3,
1.012805024521818,Line.l(r:p3udt27683-p3udt3822),p3udt27683-p3udt3822x.1.2.3,p3udt27683-p3udt3822xx.1.2.3,
1.012830557470099,Line.padswitch(r:p3udt27683-p3udt3822)p3u_178017,p3udt27683-p3udt3822xx.1.2.3,p3udt3822.1.2.3,
1.0128475747382637,Line.padswitch(r:p3udt2202-p3udt3668)p3u_186131,p3udt3668.1.2.3,p3udt2202-p3udt3668xx.1.2.3,
1.0128475772805012,Line.l(r:p3udt2202-p3udt3668),p3udt2202-p3udt3668xx.1.2.3,p3udt2202-p3udt3668x.1.2.3,
1.0128502110253328,Line.breaker(r:p2uhs0_69-p2uts0_69)p2u_45453,p2uhs0_69-p2uts0_69x.1.2.3,p2uhs0_69.1.2.3,
1.0128846517560408,Line.l(r:p3udt2202-p3udt29569),p3udt2202-p3udt29569x.1.2.3,p3udt2202-p3udt29569xx.1.2.3,
1.0129211082317022,Line.padswitch(r:p3udt15308-p3udt29569)p3u_186127,p3udt29569.1.2.3,p3udt15308-p3udt29569xx.1.2.3,
1.012921110746264,Line.l(r:p3udt15308-p3udt29569),p3udt15308-p3udt29569xx.1.2.3,p3udt15308-p3udt29569x.1.2.3,
1.0133405248915808,Line.padswitch(r:p3udt11817-p3udt17244)p3u_169958,p3udt11817.1.2.3,p3udt11817-p3udt17244x.1.2.3,
1.0135961564295968,Line.padswitch(r:p4udt1172-p4udt18739)p4u_70800,p4udt1172.1.2.3,p4udt1172-p4udt18739x.1.2.3,
1.0135961592615366,Line.l(r:p4udt1172-p4udt18739),p4udt1172-p4udt18739x.1.2.3,p4udt1172-p4udt18739xx.1.2.3,
1.0136225382235098,Line.l(r:p4udt18739-p4udt2267),p4udt18739-p4udt2267x.1.2.3,p4udt18739-p4udt2267xx.1.2.3,
1.0138118366902709,Line.padswitch(r:p3udt26197-p3udt3903)p3u_174817,p3udt26197-p3udt3903x.1.2.3,p3udt26197.1.2.3,
1.013826092265441,Line.padswitch(r:p5udt30241-p5udt8247)p5u_139848,p5udt30241-p5udt8247xx.1.2.3,p5udt8247.1.2.3,
1.013826095616733,Line.padswitch(r:p5udt27405-p5udt8247)p5u_139845,p5udt8247.1.2.3,p5udt27405-p5udt8247xx.1.2.3,
1.0140230984078007,Line.l(r:p1udt17670-p1udt7408),p1udt17670-p1udt7408xx.1.2.3,p1udt17670-p1udt7408x.1.2.3,
1.014036018257299,Line.padswitch(r:p1udt17670-p1udt7408)p1u_264515,p1udt17670-p1udt7408x.1.2.3,p1udt17670.1.2.3,
1.0140360193678561,Line.padswitch(r:p1udt17670-p1udt8205)p1u_264512,p1udt17670.1.2.3,p1udt17670-p1udt8205x.1.2.3,
1.0140360204843868,Line.l(r:p1udt17670-p1udt8205),p1udt17670-p1udt8205x.1.2.3,p1udt17670-p1udt8205xx.1.2.3,
1.0140427911121033,Line.padswitch(r:p1udt17670-p1udt8205)p1u_264513,p1udt17670-p1udt8205xx.1.2.3,p1udt8205.1.2.3,
1.0140427933338063,Line.l(r:p1udt6045-p1udt8205),p1udt6045-p1udt8205xx.1.2.3,p1udt6045-p1udt8205x.1.2.3,
1.0140460030044511,Line.l(r:p3udm33191-p3udt9965lv),p3udt9965lv.1.2,p3udm33191.1.2,
1.0140629942925348,Line.padswitch(r:p1udt6045-p1udt8205)p1u_264511,p1udt6045-p1udt8205x.1.2.3,p1udt6045.1.2.3,
1.0141955849239737,Line.padswitch(r:p1udt15952-p1udt3673)p1u_234991,p1udt3673.1.2.3,p1udt15952-p1udt3673xx.1.2.3,
1.0142177391388114,Line.padswitch(r:p1udt15952-p1udt3673)p1u_234992,p1udt15952-p1udt3673x.1.2.3,p1udt15952.1.2.3,
1.0144994809231318,Line.l(r:p1rdm9617-p1rdt5064lv),p1rdt5064lv.1.2,p1rdm9617.1.2,
1.0147428557771163,Line.padswitch(r:p1udt23147-p1udt5858)p1u_236406,p1udt5858.1.2.3,p1udt23147-p1udt5858xx.1.2.3,
1.0149421753820738,Line.sb10_p1uhs14_1247_354,sb10_p1uhs14_1247_node_10_7.1.2.3,sb10_p1uhs14_1247_bus_10_1.1.2.3,
1.0151348096970496,Line.l(r:p3udt12987-p3udt30850),p3udt12987-p3udt30850x.1.2.3,p3udt12987-p3udt30850xx.1.2.3,
1.0151485757266288,Line.padswitch(r:p3udt12987-p3udt30850)p3u_178065,p3udt12987-p3udt30850xx.1.2.3,p3udt30850.1.2.3,
1.0151485779596896,Line.padswitch(r:p3udt16261-p3udt30850)p3u_178062,p3udt30850.1.2.3,p3udt16261-p3udt30850xx.1.2.3,
1.0151485801872964,Line.l(r:p3udt16261-p3udt30850),p3udt16261-p3udt30850xx.1.2.3,p3udt16261-p3udt30850x.1.2.3,
1.015157750506922,Line.padswitch(r:p3udt16261-p3udt30850)p3u_178063,p3udt16261-p3udt30850x.1.2.3,p3udt16261.1.2.3,
1.0151577527347264,Line.padswitch(r:p3udt16261-p3udt7192)p3u_178060,p3udt16261.1.2.3,p3udt16261-p3udt7192x.1.2.3,
1.0151577549615405,Line.l(r:p3udt16261-p3udt7192),p3udt16261-p3udt7192x.1.2.3,p3udt16261-p3udt7192xx.1.2.3,
1.0152625545296237,Line.l(r:p5udt7141-p5udt7484),p5udt7141.1.2.3,p5udt7484.1.2.3,
1.0154220763418895,Line.padswitch(r:p1udt12355-p1udt19670)p1u_253516,p1udt12355-p1udt19670xx.1.2.3,p1udt19670.1.2.3,
1.0154220827278309,Line.padswitch(r:p1udt19670-p1udt19671)p1u_253513,p1udt19670.1.2.3,p1udt19670-p1udt19671x.1.2.3,
1.015841910620531,Line.padswitch(r:p1udt16788-p1udt3489)p1u_256016,p1udt3489.1.2.3,p1udt16788-p1udt3489xx.1.2.3,
1.015841913132415,Line.l(r:p1udt16788-p1udt3489),p1udt16788-p1udt3489xx.1.2.3,p1udt16788-p1udt3489x.1.2.3,
1.0158599594546862,Line.padswitch(r:p1udt16788-p1udt3489)p1u_256017,p1udt16788-p1udt3489x.1.2.3,p1udt16788.1.2.3,
1.0158599619651003,Line.padswitch(r:p1udt16788-p1udt3488)p1u_256014,p1udt16788.1.2.3,p1udt16788-p1udt3488x.1.2.3,
1.0158599644754993,Line.l(r:p1udt16788-p1udt3488),p1udt16788-p1udt3488x.1.2.3,p1udt16788-p1udt3488xx.1.2.3,
1.0158773146998343,Line.padswitch(r:p1udt16788-p1udt3488)p1u_256015,p1udt16788-p1udt3488xx.1.2.3,p1udt3488.1.2.3,
1.0158773172080042,Line.padswitch(r:p1udt3488-p1udt4986)p1u_256012,p1udt3488.1.2.3,p1udt3488-p1udt4986x.1.2.3,
1.0158773197101585,Line.l(r:p1udt3488-p1udt4986),p1udt3488-p1udt4986x.1.2.3,p1udt3488-p1udt4986xx.1.2.3,
1.0162603491608908,Line.l(r:p1udt11369-p1udt20025)p1ud3,p1udt11369-p1udt20025x.1.2.3,p1udt11369-p1udt20025xx.1.2.3,
1.0165993374182978,Line.padswitch(r:p4udt7046-p4udt8807)p4u_63616,p4udt7046-p4udt8807xx.1.2.3,p4udt8807.1.2.3,
1.0168090636301834,Line.padswitch(r:p2udt3151-p2udt7239)p2u_40441,p2udt3151.1.2.3,p2udt3151-p2udt7239x.1.2.3,
1.0176173305328082,Line.l(r:p3udt23999-p3udt31916),p3udt31916.1.2.3,p3udt23999.1.2.3,
1.0177502006061228,Line.padswitch(r:p1udt21266-p1udt6863)p1u_263801,p1udt6863.1.2.3,p1udt21266-p1udt6863xx.1.2.3,
1.0177502028926484,Line.l(r:p1udt21266-p1udt6863),p1udt21266-p1udt6863xx.1.2.3,p1udt21266-p1udt6863x.1.2.3,
1.0178238298046758,Line.padswitch(r:p3udt939-p3udt9444)p3u_167192,p3udt939.1.2.3,p3udt939-p3udt9444x.1.2.3,
1.0178238322518942,Line.l(r:p3udt939-p3udt9444),p3udt939-p3udt9444x.1.2.3,p3udt939-p3udt9444xx.1.2.3,
1.0178461643496104,Line.padswitch(r:p3udt939-p3udt9444)p3u_167193,p3udt939-p3udt9444xx.1.2.3,p3udt9444.1.2.3,
1.0178461667944094,Line.padswitch(r:p3udt28694-p3udt9444)p3u_167190p3ud3,p3udt9444.1.2.3,p3udt28694-p3udt9444xx.1.2.3,
1.0178461692361478,Line.l(r:p3udt28694-p3udt9444)p3ud3,p3udt28694-p3udt9444xx.1.2.3,p3udt28694-p3udt9444x.1.2.3,
1.0178640372844614,Line.l(r:p3udt28694-p3udt8865)p3ud3,p3udt28694-p3udt8865x.1.2.3,p3udt28694-p3udt8865xx.1.2.3,
1.0179910969825907,Line.padswitch(r:p3udt19552-p3udt30609)p3u_183343,p3udt19552.1.2.3,p3udt19552-p3udt30609x.1.2.3,
1.0179910999267452,Line.l(r:p3udt19552-p3udt30609),p3udt19552-p3udt30609x.1.2.3,p3udt19552-p3udt30609xx.1.2.3,
1.0180229773352174,Line.padswitch(r:p3udt19552-p3udt30609)p3u_183344,p3udt19552-p3udt30609xx.1.2.3,p3udt30609.1.2.3,
1.0180229802681606,Line.padswitch(r:p3udt29686-p3udt30609)p3u_183341,p3udt30609.1.2.3,p3udt29686-p3udt30609xx.1.2.3,
1.0180229831985208,Line.l(r:p3udt29686-p3udt30609),p3udt29686-p3udt30609xx.1.2.3,p3udt29686-p3udt30609x.1.2.3,
1.0180310597524034,Line.padswitch(r:p3udt29686-p3udt30609)p3u_183342,p3udt29686-p3udt30609x.1.2.3,p3udt29686.1.2.3,
1.0180310656147582,Line.l(r:p3udt23869-p3udt29686),p3udt23869-p3udt29686xx.1.2.3,p3udt23869-p3udt29686x.1.2.3,
1.018048994480987,Line.l(r:p3udt22605-p3udt23869),p3udt22605-p3udt23869xx.1.2.3,p3udt22605-p3udt23869x.1.2.3,
1.0182090684168679,Line.padswitch(r:p3udt13527-p3udt7377)p3u_193725,p3udt13527-p3udt7377xx.1.2.3,p3udt7377.1.2.3,
1.0182090721903378,Line.padswitch(r:p3udt11210-p3udt7377)p3u_193722,p3udt7377.1.2.3,p3udt11210-p3udt7377xx.1.2.3,
1.0183062889732801,Line.sb8_p3uhs16_1247_96,sb8_p3uhs16_1247_bus_8_3.1.2.3,p3udt3100-p3uhs16_1247x.1.2.3,
1.0183231842744336,Line.padswitch(r:p5udt2756-p5udt5104)p5u_120349,p5udt5104.1.2.3,p5udt2756-p5udt5104xx.1.2.3,
1.0188268538913092,Line.padswitch(r:p1udt11868-p1udt6064)p1u_251090,p1udt11868-p1udt6064xx.1.2.3,p1udt6064.1.2.3,
1.0189211171394181,Line.sb8_p3uhs11_1247_95,sb8_p3uhs11_1247_bus_8_2.1.2.3,p3udt20683-p3uhs11_1247x.1.2.3,
1.0191334042838809,Line.l(r:p3udt16862-p3udt17624),p3udt16862-p3udt17624x.1.2.3,p3udt16862-p3udt17624xx.1.2.3,
1.019149500849138,Line.padswitch(r:p3udt16862-p3udt17624)p3u_170023,p3udt16862-p3udt17624xx.1.2.3,p3udt17624.1.2.3,
1.0191495045473975,Line.l(r:p3udt17624-p3udt6938),p3udt17624-p3udt6938x.1.2.3,p3udt17624-p3udt6938xx.1.2.3,
1.0191706576560526,Line.padswitch(r:p3udt17624-p3udt6938)p3u_170021,p3udt17624-p3udt6938xx.1.2.3,p3udt6938.1.2.3,
1.0191706594954606,Line.padswitch(r:p3udt5637-p3udt6938)p3u_170018,p3udt6938.1.2.3,p3udt5637-p3udt6938xx.1.2.3,
1.0191706613395204,Line.l(r:p3udt5637-p3udt6938),p3udt5637-p3udt6938xx.1.2.3,p3udt5637-p3udt6938x.1.2.3,
1.0192007344778884,Line.padswitch(r:p3udt5637-p3udt6938)p3u_170019,p3udt5637-p3udt6938x.1.2.3,p3udt5637.1.2.3,
1.0192007363105275,Line.padswitch(r:p3udt20836-p3udt5637)p3u_170006,p3udt5637.1.2.3,p3udt20836-p3udt5637xx.1.2.3,
1.019200738147486,Line.l(r:p3udt20836-p3udt5637),p3udt20836-p3udt5637xx.1.2.3,p3udt20836-p3udt5637x.1.2.3,
1.0192377950040357,Line.padswitch(r:p5udt15355-p5udt21660)p5u_146166,p5udt15355.1.2.3,p5udt15355-p5udt21660x.1.2.3,
1.0192385493702807,Line.padswitch(r:p3udt20836-p3udt5637)p3u_170007,p3udt20836-p3udt5637x.1.2.3,p3udt20836.1.2.3,
1.0192512006391148,Line.padswitch(r:p5udt19685-p5udt32246)p5u_145423,p5udt19685-p5udt32246x.1.2.3,p5udt19685.1.2.3,
1.0194660567221123,Line.padswitch(r:p5udt15660-p5udt17758)p5u_137450,p5udt15660.1.2.3,p5udt15660-p5udt17758x.1.2.3,
1.01994053627693,Line.padswitch(r:p3udt24081-p3udt6716)p3u_190349,p3udt24081.1.2.3,p3udt24081-p3udt6716x.1.2.3,
1.0201235752728026,Line.padswitch(r:p5udt13375-p5udt8593)p5u_147152,p5udt13375.1.2.3,p5udt13375-p5udt8593x.1.2.3,
1.0201560841728277,Line.breaker(r:p1uts0_69-st_mat)p1u_265656,p1uts0_69-st_matx.1.2.3,p1uts0_69.1.2.3,
1.0203403373624587,Line.padswitch(r:p1udt11005-p1udt11006)p1u_254022,p1udt11006.1.2.3,p1udt11005-p1udt11006xx.1.2.3,
1.0203403397118973,Line.l(r:p1udt11005-p1udt11006),p1udt11005-p1udt11006xx.1.2.3,p1udt11005-p1udt11006x.1.2.3,
1.0217671265385666,Line.padswitch(r:p5udt8239-p5udt8761)p5u_135001,p5udt8239-p5udt8761xx.1.2.3,p5udt8761.1.2.3,
1.0217724172661469,Line.padswitch(r:p3udt15957-p3udt27744)p3u_196998,p3udt15957.1.2.3,p3udt15957-p3udt27744x.1.2.3,
1.0217724190841444,Line.l(r:p3udt15957-p3udt27744),p3udt15957-p3udt27744x.1.2.3,p3udt15957-p3udt27744xx.1.2.3,
1.0218087128133173,Line.padswitch(r:p3udt15957-p3udt27744)p3u_196999,p3udt15957-p3udt27744xx.1.2.3,p3udt27744.1.2.3,
1.0218087146278938,Line.padswitch(r:p3udt23584-p3udt27744)p3u_196996,p3udt27744.1.2.3,p3udt23584-p3udt27744xx.1.2.3,
1.021808716437584,Line.l(r:p3udt23584-p3udt27744),p3udt23584-p3udt27744xx.1.2.3,p3udt23584-p3udt27744x.1.2.3,
1.0218313028974408,Line.l(r:p3udm9068-p3udt2615lv),p3udt2615lv.1.2,p3udm9068.1.2,
1.0223029375633994,Line.l(r:p3udt7392-p3uhs10_1247),p3udt7392-p3uhs10_1247x.1.2.3,p3udt7392.1.2.3,
1.022321420928631,Line.padswitch(r:p3udt17902-p3udt7392)p3u_181458,p3udt7392.1.2.3,p3udt17902-p3udt7392xx.1.2.3,
1.0223214227705142,Line.l(r:p3udt17902-p3udt7392),p3udt17902-p3udt7392xx.1.2.3,p3udt17902-p3udt7392x.1.2.3,
1.0223437467274654,Line.padswitch(r:p3udt17902-p3udt7392)p3u_181459,p3udt17902-p3udt7392x.1.2.3,p3udt17902.1.2.3,
1.0223437485615408,Line.padswitch(r:p3udt17902-p3udt29532)p3u_181456,p3udt17902.1.2.3,p3udt17902-p3udt29532x.1.2.3,
1.0223437504009922,Line.l(r:p3udt17902-p3udt29532),p3udt17902-p3udt29532x.1.2.3,p3udt17902-p3udt29532xx.1.2.3,
1.0223548846088957,Line.padswitch(r:p3udt17902-p3udt29532)p3u_181457,p3udt17902-p3udt29532xx.1.2.3,p3udt29532.1.2.3,
1.0223548864379541,Line.padswitch(r:p3udt20775-p3udt29532)p3u_181452,p3udt29532.1.2.3,p3udt20775-p3udt29532xx.1.2.3,
1.0223548882719313,Line.l(r:p3udt20775-p3udt29532),p3udt20775-p3udt29532xx.1.2.3,p3udt20775-p3udt29532x.1.2.3,
1.0223733989339914,Line.padswitch(r:p3udt20775-p3udt29532)p3u_181453,p3udt20775-p3udt29532x.1.2.3,p3udt20775.1.2.3,
1.0223734007577974,Line.padswitch(r:p3udt19553-p3udt20775)p3u_181450,p3udt20775.1.2.3,p3udt19553-p3udt20775xx.1.2.3,
1.0223734025843445,Line.l(r:p3udt19553-p3udt20775),p3udt19553-p3udt20775xx.1.2.3,p3udt19553-p3udt20775x.1.2.3,
1.0224014531894088,Line.padswitch(r:p3udt23128-p3udt9594)p3u_191008,p3udt9594.1.2.3,p3udt23128-p3udt9594xx.1.2.3,
1.0224014549800635,Line.l(r:p3udt23128-p3udt9594),p3udt23128-p3udt9594xx.1.2.3,p3udt23128-p3udt9594x.1.2.3,
1.0224287580317262,Line.padswitch(r:p3udt23128-p3udt9594)p3u_191009,p3udt23128-p3udt9594x.1.2.3,p3udt23128.1.2.3,
1.0224287615965506,Line.l(r:p3udt10110-p3udt23128),p3udt10110-p3udt23128xx.1.2.3,p3udt10110-p3udt23128x.1.2.3,
1.0225481757882453,Line.l(r:p1udt6863-p1uhs22_1247),p1udt6863-p1uhs22_1247x.1.2.3,p1udt6863-p1uhs22_1247x_b1_1.1.2.3,
1.0225700575372438,Line.padswitch(r:p1udt10151-p1udt23202)p1u_258431,p1udt10151.1.2.3,p1udt10151-p1udt23202x.1.2.3,
1.022570059230293,Line.l(r:p1udt10151-p1udt23202),p1udt10151-p1udt23202x.1.2.3,p1udt10151-p1udt23202xx.1.2.3,
1.0226201261291952,Line.l(r:p1udt6863-p1uhs22_1247)_disconnect,p1udt6863-p1uhs22_1247x_b1_1.1.2.3,p1udt6863-p1uhs22_1247x_b2_1.1.2.3,
1.0226201285180634,Line.l(r:p1udt6863-p1uhs22_1247)_cont,p1udt6863-p1uhs22_1247x_b2_1.1.2.3,p1udt6863.1.2.3,
1.0229430227657892,Line.padswitch(r:p3udt24081-p3udt26824)p3u_190352,p3udt24081-p3udt26824x.1.2.3,p3udt24081.1.2.3,
1.023154189008711,Line.padswitch(r:p1udt12592-p1udt8687)p1u_237451,p1udt12592.1.2.3,p1udt12592-p1udt8687x.1.2.3,
1.0235443999801692,Line.l(r:p3udt24609lv-p3ulv45373),p3udt24609lv.1.2,p3ulv45373.1.2,
1.0235614200130236,Line.padswitch(r:p1udt13707-p1udt6839)p1u_243517,p1udt6839.1.2.3,p1udt13707-p1udt6839xx.1.2.3,
1.024750694228833,Line.padswitch(r:p3udt26275-p3udt28592)p3u_183320,p3udt26275-p3udt28592x.1.2.3,p3udt26275.1.2.3,
1.02481175048963,Line.padswitch(r:p3udt17548-p3udt30904)p3u_182352,p3udt17548.1.2.3,p3udt17548-p3udt30904x.1.2.3,
1.0248117526335976,Line.l(r:p3udt17548-p3udt30904),p3udt17548-p3udt30904x.1.2.3,p3udt17548-p3udt30904xx.1.2.3,
1.0248214284937425,Line.padswitch(r:p3udt17548-p3udt30904)p3u_182353,p3udt17548-p3udt30904xx.1.2.3,p3udt30904.1.2.3,
1.0248214327805774,Line.l(r:p3udt25278-p3udt30904),p3udt25278-p3udt30904xx.1.2.3,p3udt25278-p3udt30904x.1.2.3,
1.0248246536636008,Line.padswitch(r:p3udt25278-p3udt30904)p3u_182351,p3udt25278-p3udt30904x.1.2.3,p3udt25278.1.2.3,
1.0248246579428106,Line.l(r:p3udt20473-p3udt25278),p3udt20473-p3udt25278xx.1.2.3,p3udt20473-p3udt25278x.1.2.3,
1.0248310934148188,Line.padswitch(r:p3udt20473-p3udt25278)p3u_182349,p3udt20473-p3udt25278x.1.2.3,p3udt20473.1.2.3,
1.0248310955515387,Line.padswitch(r:p3udt20473-p3udt30307)p3u_182346,p3udt20473.1.2.3,p3udt20473-p3udt30307x.1.2.3,
1.024831097690183,Line.l(r:p3udt20473-p3udt30307),p3udt20473-p3udt30307x.1.2.3,p3udt20473-p3udt30307xx.1.2.3,
1.0248375258106266,Line.padswitch(r:p3udt20473-p3udt30307)p3u_182347,p3udt20473-p3udt30307xx.1.2.3,p3udt30307.1.2.3,
1.024837527947631,Line.padswitch(r:p3udt27401-p3udt30307)p3u_182344,p3udt30307.1.2.3,p3udt27401-p3udt30307xx.1.2.3,
1.024837530083109,Line.l(r:p3udt27401-p3udt30307),p3udt27401-p3udt30307xx.1.2.3,p3udt27401-p3udt30307x.1.2.3,
1.0248471593953752,Line.padswitch(r:p3udt27401-p3udt30307)p3u_182345,p3udt27401-p3udt30307x.1.2.3,p3udt27401.1.2.3,
1.0248471615302568,Line.padswitch(r:p3udt11707-p3udt27401)p3u_182336,p3udt27401.1.2.3,p3udt11707-p3udt27401xx.1.2.3,
1.024847163662508,Line.l(r:p3udt11707-p3udt27401),p3udt11707-p3udt27401xx.1.2.3,p3udt11707-p3udt27401x.1.2.3,
1.0248885806373431,Line.padswitch(r:p3udt11707-p3udt27401)p3u_182337,p3udt11707-p3udt27401x.1.2.3,p3udt11707.1.2.3,
1.0248970321685786,Line.padswitch(r:p3udt2642-p3udt4072)p3u_189776,p3udt4072.1.2.3,p3udt2642-p3udt4072xx.1.2.3,
1.0251238322868006,Line.padswitch(r:p1udt17702-p1udt3055)p1u_247818,p1udt3055.1.2.3,p1udt17702-p1udt3055xx.1.2.3,
1.0251481050346976,Line.padswitch(r:p1udt17702-p1udt3055)p1u_247819,p1udt17702-p1udt3055x.1.2.3,p1udt17702.1.2.3,
1.0251481088123702,Line.padswitch(r:p1udt17702-p1udt25051)p1u_247816,p1udt17702.1.2.3,p1udt17702-p1udt25051x.1.2.3,
1.0254251705332944,Line.padswitch(r:p3udt22008-p3udt23818)p3u_195429,p3udt22008-p3udt23818xx.1.2.3,p3udt23818.1.2.3,
1.0254251731426633,Line.l(r:p3udt20123-p3udt23818),p3udt23818.1.2.3,p3udt20123.1.2.3,
1.0254750821488559,Line.padswitch(r:p1udt13077-p1udt9987)p1u_242213,p1udt13077.1.2.3,p1udt13077-p1udt9987x.1.2.3,
1.0255068195463084,Line.padswitch(r:p1udt17807-p1udt9987)p1u_242211,p1udt9987.1.2.3,p1udt17807-p1udt9987xx.1.2.3,
1.0260710923398564,Line.l(r:p3udt14198-p3udt28845),p3udt14198-p3udt28845xx.1.2.3,p3udt14198-p3udt28845x.1.2.3,
1.0260902723350718,Line.padswitch(r:p3udt14198-p3udt28845)p3u_167446,p3udt14198-p3udt28845x.1.2.3,p3udt14198.1.2.3,
1.0260902754284138,Line.padswitch(r:p3udt14198-p3udt3831)p3u_167443,p3udt14198.1.2.3,p3udt14198-p3udt3831x.1.2.3,
1.02609027852289,Line.l(r:p3udt14198-p3udt3831),p3udt14198-p3udt3831x.1.2.3,p3udt14198-p3udt3831xx.1.2.3,
1.0261094344543635,Line.l(r:p3udt2408-p3udt3831),p3udt2408-p3udt3831xx.1.2.3,p3udt2408-p3udt3831x.1.2.3,
1.0263054307246493,Line.l(r:p5udt5266lv-p5ulv8722),p5udt5266lv.1.2.3,p5ulv8722.1.2.3,
1.0268284710608602,Line.padswitch(r:p1udt15614-p1udt9731)p1u_256028,p1udt15614.1.2.3,p1udt15614-p1udt9731x.1.2.3,
1.026828473613057,Line.l(r:p1udt15614-p1udt9731),p1udt15614-p1udt9731x.1.2.3,p1udt15614-p1udt9731xx.1.2.3,
1.0268364273874204,Line.padswitch(r:p1udt15614-p1udt9731)p1u_256029,p1udt15614-p1udt9731xx.1.2.3,p1udt9731.1.2.3,
1.026836429935138,Line.padswitch(r:p1udt554-p1udt9731)p1u_256026,p1udt9731.1.2.3,p1udt554-p1udt9731xx.1.2.3,
1.0268364324822008,Line.l(r:p1udt554-p1udt9731),p1udt554-p1udt9731xx.1.2.3,p1udt554-p1udt9731x.1.2.3,
1.026850607862335,Line.padswitch(r:p1udt554-p1udt9731)p1u_256027,p1udt554-p1udt9731x.1.2.3,p1udt554.1.2.3,
1.0268506129579902,Line.l(r:p1udt10091-p1udt554),p1udt10091-p1udt554xx.1.2.3,p1udt10091-p1udt554x.1.2.3,
1.0268655478954847,Line.padswitch(r:p1udt10091-p1udt554)p1u_256025,p1udt10091-p1udt554x.1.2.3,p1udt10091.1.2.3,
1.0268655504377786,Line.padswitch(r:p1udt10091-p1udt15122)p1u_256022,p1udt10091.1.2.3,p1udt10091-p1udt15122x.1.2.3,
1.0268655529780277,Line.l(r:p1udt10091-p1udt15122),p1udt10091-p1udt15122x.1.2.3,p1udt10091-p1udt15122xx.1.2.3,
1.026880763395238,Line.padswitch(r:p1udt10091-p1udt15122)p1u_256023,p1udt10091-p1udt15122xx.1.2.3,p1udt15122.1.2.3,
1.0268807659317674,Line.padswitch(r:p1udt15122-p1udt2334)p1u_256020,p1udt15122.1.2.3,p1udt15122-p1udt2334x.1.2.3,
1.0268807684747896,Line.l(r:p1udt15122-p1udt2334),p1udt15122-p1udt2334x.1.2.3,p1udt15122-p1udt2334xx.1.2.3,
1.02688938788447,Line.padswitch(r:p1udt15122-p1udt2334)p1u_256021,p1udt15122-p1udt2334xx.1.2.3,p1udt2334.1.2.3,
1.026889390423376,Line.padswitch(r:p1udt2334-p1udt3489)p1u_256018,p1udt2334.1.2.3,p1udt2334-p1udt3489x.1.2.3,
1.0268893929554657,Line.l(r:p1udt2334-p1udt3489),p1udt2334-p1udt3489x.1.2.3,p1udt2334-p1udt3489xx.1.2.3,
1.0269081515834935,Line.padswitch(r:p1udt2334-p1udt3489)p1u_256019,p1udt2334-p1udt3489xx.1.2.3,p1udt3489.1.2.3,
1.026935207103201,Line.padswitch(r:p1udt16009-p1udt6304)p1u_233627,p1udt16009.1.2.3,p1udt16009-p1udt6304x.1.2.3,
1.026935209960479,Line.l(r:p1udt16009-p1udt6304),p1udt16009-p1udt6304x.1.2.3,p1udt16009-p1udt6304xx.1.2.3,
1.0269531893243515,Line.padswitch(r:p1udt16009-p1udt6304)p1u_233628,p1udt16009-p1udt6304xx.1.2.3,p1udt6304.1.2.3,
1.027919281795995,Line.padswitch(r:p5udt16783-p5udt9964)p5u_144704,p5udt9964.1.2.3,p5udt16783-p5udt9964xx.1.2.3,
1.0279192832380197,Line.l(r:p5udt16783-p5udt9964),p5udt16783-p5udt9964xx.1.2.3,p5udt16783-p5udt9964x.1.2.3,
1.0283959343584936,Line.l(r:p4udm36418-p4udt17477lv),p4udt17477lv.1.2,p4udm36418.1.2,
1.0287671980321962,Line.padswitch(r:p3udt1990-p3udt22329)p3u_183385,p3udt22329.1.2.3,p3udt1990-p3udt22329xx.1.2.3,
1.0287672003826442,Line.l(r:p3udt1990-p3udt22329),p3udt1990-p3udt22329xx.1.2.3,p3udt1990-p3udt22329x.1.2.3,
1.0287839287481038,Line.padswitch(r:p3udt1990-p3udt22329)p3u_183386,p3udt1990-p3udt22329x.1.2.3,p3udt1990.1.2.3,
1.0287839310930071,Line.padswitch(r:p3udt1990-p3udt20187)p3u_183351,p3udt1990.1.2.3,p3udt1990-p3udt20187x.1.2.3,
1.0287839334396802,Line.l(r:p3udt1990-p3udt20187),p3udt1990-p3udt20187x.1.2.3,p3udt1990-p3udt20187xx.1.2.3,
1.0288001887641065,Line.padswitch(r:p3udt1990-p3udt20187)p3u_183352,p3udt1990-p3udt20187xx.1.2.3,p3udt20187.1.2.3,
1.0288001911007805,Line.padswitch(r:p3udt10689-p3udt20187)p3u_183349,p3udt20187.1.2.3,p3udt10689-p3udt20187xx.1.2.3,
1.0288001934412927,Line.l(r:p3udt10689-p3udt20187),p3udt10689-p3udt20187xx.1.2.3,p3udt10689-p3udt20187x.1.2.3,
1.0288120827791394,Line.padswitch(r:p3udt10689-p3udt20187)p3u_183350,p3udt10689-p3udt20187x.1.2.3,p3udt10689.1.2.3,
1.0288120851169018,Line.padswitch(r:p3udt10689-p3udt30610)p3u_183347,p3udt10689.1.2.3,p3udt10689-p3udt30610x.1.2.3,
1.0288120874518338,Line.l(r:p3udt10689-p3udt30610),p3udt10689-p3udt30610x.1.2.3,p3udt10689-p3udt30610xx.1.2.3,
1.0288160155051467,Line.padswitch(r:p3udt10689-p3udt30610)p3u_183348,p3udt10689-p3udt30610xx.1.2.3,p3udt30610.1.2.3,
1.0288160178438708,Line.padswitch(r:p3udt19552-p3udt30610)p3u_183345,p3udt30610.1.2.3,p3udt19552-p3udt30610xx.1.2.3,
1.0288160201796415,Line.l(r:p3udt19552-p3udt30610),p3udt19552-p3udt30610xx.1.2.3,p3udt19552-p3udt30610x.1.2.3,
1.029057944533718,Line.l(r:p1udt11369-p1udt2142),p1udt11369-p1udt2142xx.1.2.3,p1udt11369-p1udt2142x.1.2.3,
1.0290752741430533,Line.l(r:p3udt12836-p3udt19655),p3udt19655.1.2.3,p3udt12836.1.2.3,
1.0294705063959826,Line.sb9_p4uhs20_1247_296,sb9_p4uhs20_1247_bus_9_10.1.2.3,p4udt1954-p4uhs20_1247x.1.2.3,
1.0302514014770179,Line.padswitch(r:p3udt22485-p3udt940)p3u_167196,p3udt22485.1.2.3,p3udt22485-p3udt940x.1.2.3,
1.030251403941334,Line.l(r:p3udt22485-p3udt940),p3udt22485-p3udt940x.1.2.3,p3udt22485-p3udt940xx.1.2.3,
1.030267568357265,Line.padswitch(r:p3udt22485-p3udt940)p3u_167197,p3udt22485-p3udt940xx.1.2.3,p3udt940.1.2.3,
1.0302675708113063,Line.padswitch(r:p3udt939-p3udt940)p3u_167194,p3udt940.1.2.3,p3udt939-p3udt940xx.1.2.3,
1.0302675732689017,Line.l(r:p3udt939-p3udt940),p3udt939-p3udt940xx.1.2.3,p3udt939-p3udt940x.1.2.3,
1.0302898014224564,Line.padswitch(r:p3udt939-p3udt940)p3u_167195,p3udt939-p3udt940x.1.2.3,p3udt939.1.2.3,
1.0305830217488925,Line.l(r:p1udt2141-p1udt326),p1udt2141.1.2.3,p1udt326.1.2.3,
1.0308176473251487,Line.padswitch(r:p5udt2066-p5udt7652)p5u_122575,p5udt7652.1.2.3,p5udt2066-p5udt7652xx.1.2.3,
1.0308176490830931,Line.l(r:p5udt2066-p5udt7652),p5udt2066-p5udt7652xx.1.2.3,p5udt2066-p5udt7652x.1.2.3,
1.0308372810249486,Line.padswitch(r:p5udt2066-p5udt7652)p5u_122576,p5udt2066-p5udt7652x.1.2.3,p5udt2066.1.2.3,
1.0308760079163413,Line.padswitch(r:p5udt16663-p5udt26885)p5u_135010,p5udt16663.1.2.3,p5udt16663-p5udt26885x.1.2.3,
1.030974357452043,Line.padswitch(r:p4udt14732-p4udt17964)p4u_74283,p4udt14732.1.2.3,p4udt14732-p4udt17964x.1.2.3,
1.0309743598841061,Line.l(r:p4udt14732-p4udt17964),p4udt14732-p4udt17964x.1.2.3,p4udt14732-p4udt17964xx.1.2.3,
1.0309879032914446,Line.padswitch(r:p4udt14732-p4udt17964)p4u_74284,p4udt14732-p4udt17964xx.1.2.3,p4udt17964.1.2.3,
1.0309879057151554,Line.padswitch(r:p4udt12971-p4udt17964)p4u_74281,p4udt17964.1.2.3,p4udt12971-p4udt17964xx.1.2.3,
1.0309879081394182,Line.l(r:p4udt12971-p4udt17964),p4udt12971-p4udt17964xx.1.2.3,p4udt12971-p4udt17964x.1.2.3,
1.0310095292909534,Line.padswitch(r:p4udt12971-p4udt21174)p4u_74279,p4udt12971.1.2.3,p4udt12971-p4udt21174x.1.2.3,
1.0310095317133061,Line.l(r:p4udt12971-p4udt21174),p4udt12971-p4udt21174x.1.2.3,p4udt12971-p4udt21174xx.1.2.3,
1.0312493459088397,Line.padswitch(r:p3udt19881-p3udt25281)p3u_183391,p3udt19881.1.2.3,p3udt19881-p3udt25281x.1.2.3,
1.031249348271012,Line.l(r:p3udt19881-p3udt25281),p3udt19881-p3udt25281x.1.2.3,p3udt19881-p3udt25281xx.1.2.3,
1.031266171219617,Line.l(r:p3udt19233-p3udt25281),p3udt19233-p3udt25281xx.1.2.3,p3udt19233-p3udt25281x.1.2.3,
1.0312829552236846,Line.padswitch(r:p3udt19233-p3udt25281)p3u_183390,p3udt19233-p3udt25281x.1.2.3,p3udt19233.1.2.3,
1.031282957577068,Line.padswitch(r:p3udt19233-p3udt22329)p3u_183387,p3udt19233.1.2.3,p3udt19233-p3udt22329x.1.2.3,
1.0312829599323563,Line.l(r:p3udt19233-p3udt22329),p3udt19233-p3udt22329x.1.2.3,p3udt19233-p3udt22329xx.1.2.3,
1.0312913443444651,Line.padswitch(r:p3udt19233-p3udt22329)p3u_183388,p3udt19233-p3udt22329xx.1.2.3,p3udt22329.1.2.3,
1.0327793017836833,Line.padswitch(r:p3udt16319-p3udt4012)p3u_196495,p3udt16319-p3udt4012x.1.2.3,p3udt16319.1.2.3,
1.0336755593300002,Line.l(r:p3udt13229-p3udt3624),p3udt3624.1.2.3,p3udt13229.1.2.3,
1.0336758815836382,Line.l(r:p3udt13229-p3udt31074),p3udt13229.1.2.3,p3udt31074.1.2.3,
1.0336763759211482,Line.l(r:p3udt18323-p3udt31074),p3udt31074.1.2.3,p3udt18323.1.2.3,
1.0336765514154906,Line.l(r:p3udt18323-p3udt32021),p3udt18323.1.2.3,p3udt32021.1.2.3,
1.0336767362512158,Line.l(r:p3udt13227-p3udt32021),p3udt32021.1.2.3,p3udt13227.1.2.3,
1.033676970724373,Line.l(r:p3udt13227-p3udt25515),p3udt13227.1.2.3,p3udt25515.1.2.3,
1.0336774147274703,Line.l(r:p3udt14059-p3udt25515),p3udt25515.1.2.3,p3udt14059.1.2.3,
1.0338179611858132,Line.padswitch(r:p3udt24900-p3udt9322)p3u_206429,p3udt9322.1.2.3,p3udt24900-p3udt9322xx.1.2.3,
1.033817962870911,Line.l(r:p3udt24900-p3udt9322),p3udt24900-p3udt9322xx.1.2.3,p3udt24900-p3udt9322x.1.2.3,
1.0339789940117317,Line.padswitch(r:p1udt3374-p1udt7680)p1u_253199,p1udt3374-p1udt7680xx.1.2.3,p1udt7680.1.2.3,
1.034300098454039,Line.padswitch(r:p5udt16318-p5udt26482)p5u_139865,p5udt16318.1.2.3,p5udt16318-p5udt26482x.1.2.3,
1.034328662168582,Line.padswitch(r:p5udt16318-p5udt26482)p5u_139866,p5udt16318-p5udt26482xx.1.2.3,p5udt26482.1.2.3,
1.0343576929283027,Line.padswitch(r:p5udt26482-p5udt31922)p5u_139864,p5udt26482-p5udt31922xx.1.2.3,p5udt31922.1.2.3,
1.0344220828386848,Line.l(r:p1udt21449-p1uhs5_1247),p1udt21449-p1uhs5_1247x.1.2.3,p1udt21449.1.2.3,
1.0344236981381725,Line.l(r:p1udt21449-p1udt3076),p1udt21449.1.2.3,p1udt3076.1.2.3,
1.0349944189395033,Line.padswitch(r:p5udt2540-p5udt5529)p5u_116587,p5udt2540-p5udt5529xx.1.2.3,p5udt5529.1.2.3,
1.0356016368150853,Line.sb10_p3uhs5_1247_354,sb10_p3uhs5_1247_node_10_7.1.2.3,sb10_p3uhs5_1247_bus_10_1.1.2.3,
1.0356599876319157,Line.padswitch(r:p3udt20434-p3udt30151)p3u_190363,p3udt20434.1.2.3,p3udt20434-p3udt30151x.1.2.3,
1.0356945438541585,Line.l(r:p3udt17548-p3udt9123),p3udt17548-p3udt9123xx.1.2.3,p3udt17548-p3udt9123x.1.2.3,
1.0357178118805181,Line.padswitch(r:p3udt17548-p3udt9123)p3u_182355,p3udt17548-p3udt9123x.1.2.3,p3udt17548.1.2.3,
1.0359433423796538,Line.padswitch(r:p5udt14421-p5udt32741)p5u_138299,p5udt32741.1.2.3,p5udt14421-p5udt32741xx.1.2.3,
1.0364670437889498,Line.padswitch(r:p5udt19396-p5udt31455)p5u_148268,p5udt31455.1.2.3,p5udt19396-p5udt31455xx.1.2.3,
1.0366838350610443,Line.padswitch(r:p5udt11512-p5udt27722)p5u_148240,p5udt27722.1.2.3,p5udt11512-p5udt27722xx.1.2.3,
1.036715189449136,Line.padswitch(r:p3udt21616-p3udt647)p3u_172450,p3udt21616.1.2.3,p3udt21616-p3udt647x.1.2.3,
1.0367151911406554,Line.l(r:p3udt21616-p3udt647),p3udt21616-p3udt647x.1.2.3,p3udt21616-p3udt647xx.1.2.3,
1.0367479108599884,Line.padswitch(r:p3udt21616-p3udt647)p3u_172451,p3udt21616-p3udt647xx.1.2.3,p3udt647.1.2.3,
1.036816885811051,Line.padswitch(r:p3udt8691-p3udt9811)p3u_185259,p3udt8691.1.2.3,p3udt8691-p3udt9811x.1.2.3,
1.036816888534111,Line.l(r:p3udt8691-p3udt9811),p3udt8691-p3udt9811x.1.2.3,p3udt8691-p3udt9811xx.1.2.3,
1.0368576059452839,Line.padswitch(r:p3udt8691-p3udt9811)p3u_185260,p3udt8691-p3udt9811xx.1.2.3,p3udt9811.1.2.3,
1.0368576086543664,Line.padswitch(r:p3udt2200-p3udt9811)p3u_185257,p3udt9811.1.2.3,p3udt2200-p3udt9811xx.1.2.3,
1.036857611367024,Line.l(r:p3udt2200-p3udt9811),p3udt2200-p3udt9811xx.1.2.3,p3udt2200-p3udt9811x.1.2.3,
1.0368747702194836,Line.padswitch(r:p3udt2200-p3udt9811)p3u_185258,p3udt2200-p3udt9811x.1.2.3,p3udt2200.1.2.3,
1.0370115013964563,Line.l(r:p2udm6432-p2udt1772lv),p2udt1772lv.1.2,p2udm6432.1.2,
1.0371432544144896,Line.l(r:p1udm39992-p1udt12302lv),p1udt12302lv.1.2,p1udm39992.1.2,
1.0372440631144717,Line.padswitch(r:p5udt4153-p5udt5697)p5u_119964,p5udt5697.1.2.3,p5udt4153-p5udt5697xx.1.2.3,
1.0372440639216485,Line.l(r:p5udt4153-p5udt5697),p5udt4153-p5udt5697xx.1.2.3,p5udt4153-p5udt5697x.1.2.3,
1.0373679046165007,Line.padswitch(r:p3udt24248-p3udt3161)p3u_200173,p3udt24248.1.2.3,p3udt24248-p3udt3161x.1.2.3,
1.0373679072681552,Line.l(r:p3udt24248-p3udt3161),p3udt24248-p3udt3161x.1.2.3,p3udt24248-p3udt3161xx.1.2.3,
1.0373927690027591,Line.padswitch(r:p3udt24248-p3udt3161)p3u_200174,p3udt24248-p3udt3161xx.1.2.3,p3udt3161.1.2.3,
1.0375215418831585,Line.l(r:p3udt25232-p3uhs19_1247),p3udt25232-p3uhs19_1247x.1.2.3,p3udt25232.1.2.3,
1.0383705294738519,Line.padswitch(r:p2udt8502-p2udt941)p2u_41092,p2udt8502-p2udt941x.1.2.3,p2udt8502.1.2.3,
1.0383705332810171,Line.padswitch(r:p2udt4890-p2udt8502)p2u_41089,p2udt8502.1.2.3,p2udt4890-p2udt8502xx.1.2.3,
1.0383887940290382,Line.padswitch(r:p2udt4890-p2udt5970)p2u_41087,p2udt4890.1.2.3,p2udt4890-p2udt5970x.1.2.3,
1.0385848753931675,Line.padswitch(r:p1udt14229-p1udt1558)p1u_233633,p1udt1558.1.2.3,p1udt14229-p1udt1558xx.1.2.3,
1.038584878268431,Line.l(r:p1udt14229-p1udt1558),p1udt14229-p1udt1558xx.1.2.3,p1udt14229-p1udt1558x.1.2.3,
1.0385987228144204,Line.padswitch(r:p1udt14229-p1udt1558)p1u_233634,p1udt14229-p1udt1558x.1.2.3,p1udt14229.1.2.3,
1.0385987256879128,Line.padswitch(r:p1udt14229-p1udt311)p1u_233631,p1udt14229.1.2.3,p1udt14229-p1udt311x.1.2.3,
1.0385987285600204,Line.l(r:p1udt14229-p1udt311),p1udt14229-p1udt311x.1.2.3,p1udt14229-p1udt311xx.1.2.3,
1.0386125588559951,Line.padswitch(r:p1udt14229-p1udt311)p1u_233632,p1udt14229-p1udt311xx.1.2.3,p1udt311.1.2.3,
1.0386125645952944,Line.l(r:p1udt16009-p1udt311),p1udt16009-p1udt311xx.1.2.3,p1udt16009-p1udt311x.1.2.3,
1.0386263757147984,Line.padswitch(r:p1udt16009-p1udt311)p1u_233630,p1udt16009-p1udt311x.1.2.3,p1udt16009.1.2.3,
1.0388696113854565,Line.l(r:p3udt26126-p3uhs26_1247),p3udt26126-p3uhs26_1247x.1.2.3,p3udt26126.1.2.3,
1.0393225086224316,Line.padswitch(r:p1udt19573-p1udt9729)p1u_256036,p1udt19573.1.2.3,p1udt19573-p1udt9729x.1.2.3,
1.0393225112081057,Line.l(r:p1udt19573-p1udt9729),p1udt19573-p1udt9729x.1.2.3,p1udt19573-p1udt9729xx.1.2.3,
1.0393465601327474,Line.padswitch(r:p1udt19573-p1udt9729)p1u_256037,p1udt19573-p1udt9729xx.1.2.3,p1udt9729.1.2.3,
1.0393465627121685,Line.padswitch(r:p1udt8968-p1udt9729)p1u_256034,p1udt9729.1.2.3,p1udt8968-p1udt9729xx.1.2.3,
1.0393465652852292,Line.l(r:p1udt8968-p1udt9729),p1udt8968-p1udt9729xx.1.2.3,p1udt8968-p1udt9729x.1.2.3,
1.0393587443082024,Line.padswitch(r:p1udt8968-p1udt9729)p1u_256035,p1udt8968-p1udt9729x.1.2.3,p1udt8968.1.2.3,
1.0393587468909873,Line.padswitch(r:p1udt16572-p1udt8968)p1u_256032,p1udt8968.1.2.3,p1udt16572-p1udt8968xx.1.2.3,
1.0393587494659926,Line.l(r:p1udt16572-p1udt8968),p1udt16572-p1udt8968xx.1.2.3,p1udt16572-p1udt8968x.1.2.3,
1.03937035967867,Line.padswitch(r:p1udt16572-p1udt8968)p1u_256033,p1udt16572-p1udt8968x.1.2.3,p1udt16572.1.2.3,
1.039370362246961,Line.padswitch(r:p1udt15614-p1udt16572)p1u_256030,p1udt16572.1.2.3,p1udt15614-p1udt16572xx.1.2.3,
1.0393703648186383,Line.l(r:p1udt15614-p1udt16572),p1udt15614-p1udt16572xx.1.2.3,p1udt15614-p1udt16572x.1.2.3,
1.0393853739041152,Line.padswitch(r:p1udt15614-p1udt16572)p1u_256031,p1udt15614-p1udt16572x.1.2.3,p1udt15614.1.2.3,
1.0396786871428194,Line.padswitch(r:p5udt12175-p5udt8211)p5u_133163,p5udt12175-p5udt8211x.1.2.3,p5udt12175.1.2.3,
1.0396786937886866,Line.padswitch(r:p5udt12175-p5udt31078)p5u_133160,p5udt12175.1.2.3,p5udt12175-p5udt31078x.1.2.3,
1.0400504791826457,Line.breaker(r:p1uhs14_69-p1uhs17_69)p1u_265756,p1uhs14_69-p1uhs17_69xx.1.2.3,p1uhs17_69.1.2.3,
1.0401130722869434,Line.l(r:p3udt17626-p3udt9794),p3udt17626.1.2.3,p3udt9794.1.2.3,
1.0401146690877123,Line.l(r:p3udt18964-p3udt9794),p3udt9794.1.2.3,p3udt18964.1.2.3,
1.040115405752868,Line.l(r:p3udt18964-p3udt3624),p3udt18964.1.2.3,p3udt3624.1.2.3,
1.0406132002917434,Line.padswitch(r:p1udt14195-p1udt8760)p1u_249233,p1udt14195.1.2.3,p1udt14195-p1udt8760x.1.2.3,
1.0406685600250285,Line.padswitch(r:p1udt17355-p1udt8760)p1u_249232,p1udt17355-p1udt8760x.1.2.3,p1udt17355.1.2.3,
1.040685092529513,Line.l(r:p3udt24081-p3udt6716),p3udt24081-p3udt6716x.1.2.3,p3udt24081-p3udt6716xx.1.2.3,
1.0406869062322024,Line.padswitch(r:p1udt17355-p1udt23703)p1u_249230,p1udt17355-p1udt23703xx.1.2.3,p1udt23703.1.2.3,
1.040686910285789,Line.padswitch(r:p1udt23703-p1udt2626)p1u_249227,p1udt23703.1.2.3,p1udt23703-p1udt2626x.1.2.3,
1.0407016729452658,Line.padswitch(r:p3udt6716-p3udt9611)p3u_190347,p3udt6716.1.2.3,p3udt6716-p3udt9611x.1.2.3,
1.0407016759082344,Line.l(r:p3udt6716-p3udt9611),p3udt6716-p3udt9611x.1.2.3,p3udt6716-p3udt9611xx.1.2.3,
1.040706400879279,Line.padswitch(r:p3udt7905-p3udt9611)p3u_190345,p3udt9611.1.2.3,p3udt7905-p3udt9611xx.1.2.3,
1.040706403839054,Line.l(r:p3udt7905-p3udt9611),p3udt7905-p3udt9611xx.1.2.3,p3udt7905-p3udt9611x.1.2.3,
1.040734695534338,Line.l(r:p3udt29072-p3udt7905),p3udt29072-p3udt7905xx.1.2.3,p3udt29072-p3udt7905x.1.2.3,
1.0407441198729375,Line.l(r:p3udt20148-p3udt29072),p3udt20148-p3udt29072xx.1.2.3,p3udt20148-p3udt29072x.1.2.3,
1.0407577410787872,Line.padswitch(r:p3udt20148-p3udt30287)p3u_190339,p3udt20148.1.2.3,p3udt20148-p3udt30287x.1.2.3,
1.040757744031753,Line.l(r:p3udt20148-p3udt30287),p3udt20148-p3udt30287x.1.2.3,p3udt20148-p3udt30287xx.1.2.3,
1.0409286133824396,Line.padswitch(r:p5udt20473-p5udt25107)p5u_134167,p5udt25107.1.2.3,p5udt20473-p5udt25107xx.1.2.3,
1.0409286156059772,Line.l(r:p5udt20473-p5udt25107),p5udt20473-p5udt25107xx.1.2.3,p5udt20473-p5udt25107x.1.2.3,
1.0409485259576399,Line.padswitch(r:p5udt20473-p5udt25107)p5u_134168,p5udt20473-p5udt25107x.1.2.3,p5udt20473.1.2.3,
1.0409485281772166,Line.padswitch(r:p5udt20473-p5udt26699)p5u_134165,p5udt20473.1.2.3,p5udt20473-p5udt26699x.1.2.3,
1.0409485303931443,Line.l(r:p5udt20473-p5udt26699),p5udt20473-p5udt26699x.1.2.3,p5udt20473-p5udt26699xx.1.2.3,
1.0409733702674002,Line.padswitch(r:p5udt20473-p5udt26699)p5u_134166,p5udt20473-p5udt26699xx.1.2.3,p5udt26699.1.2.3,
1.0409733724752928,Line.padswitch(r:p5udt11741-p5udt26699)p5u_134163,p5udt26699.1.2.3,p5udt11741-p5udt26699xx.1.2.3,
1.040973374691497,Line.l(r:p5udt11741-p5udt26699),p5udt11741-p5udt26699xx.1.2.3,p5udt11741-p5udt26699x.1.2.3,
1.0409882534714623,Line.padswitch(r:p5udt11741-p5udt26699)p5u_134164,p5udt11741-p5udt26699x.1.2.3,p5udt11741.1.2.3,
1.0409882556813437,Line.padswitch(r:p5udt11741-p5udt27416)p5u_134161,p5udt11741.1.2.3,p5udt11741-p5udt27416x.1.2.3,
1.0409882578906364,Line.l(r:p5udt11741-p5udt27416),p5udt11741-p5udt27416x.1.2.3,p5udt11741-p5udt27416xx.1.2.3,
1.0410031107577595,Line.padswitch(r:p5udt11741-p5udt27416)p5u_134162,p5udt11741-p5udt27416xx.1.2.3,p5udt27416.1.2.3,
1.0410031129604869,Line.padswitch(r:p5udt27416-p5udt9310)p5u_134159,p5udt27416.1.2.3,p5udt27416-p5udt9310x.1.2.3,
1.04100311516427,Line.l(r:p5udt27416-p5udt9310),p5udt27416-p5udt9310x.1.2.3,p5udt27416-p5udt9310xx.1.2.3,
1.0410449132099484,Line.padswitch(r:p5udt27416-p5udt9310)p5u_134160,p5udt27416-p5udt9310xx.1.2.3,p5udt9310.1.2.3,
1.0410449176016836,Line.l(r:p5udt27059-p5udt9310),p5udt27059-p5udt9310xx.1.2.3,p5udt27059-p5udt9310x.1.2.3,
1.0410699449888507,Line.l(r:p5udt17696-p5udt27059),p5udt17696-p5udt27059xx.1.2.3,p5udt17696-p5udt27059x.1.2.3,
1.041102317841573,Line.padswitch(r:p5udt17696-p5udt27059)p5u_134146,p5udt17696-p5udt27059x.1.2.3,p5udt17696.1.2.3,
1.0417450865727258,Line.padswitch(r:p5udt5689-p5udt960)p5u_121597,p5udt5689.1.2.3,p5udt5689-p5udt960x.1.2.3,
1.042298236204991,Line.padswitch(r:p1udt10268-p1udt19478)p1u_260314,p1udt19478.1.2.3,p1udt10268-p1udt19478xx.1.2.3,
1.042298238603617,Line.l(r:p1udt10268-p1udt19478),p1udt10268-p1udt19478xx.1.2.3,p1udt10268-p1udt19478x.1.2.3,
1.0423281204426988,Line.padswitch(r:p1udt10268-p1udt19478)p1u_260315,p1udt10268-p1udt19478x.1.2.3,p1udt10268.1.2.3,
1.0423281228331283,Line.padswitch(r:p1udt10268-p1udt8355)p1u_260312,p1udt10268.1.2.3,p1udt10268-p1udt8355x.1.2.3,
1.0423281252231769,Line.l(r:p1udt10268-p1udt8355),p1udt10268-p1udt8355x.1.2.3,p1udt10268-p1udt8355xx.1.2.3,
1.0423591095539038,Line.padswitch(r:p1udt10268-p1udt8355)p1u_260313,p1udt10268-p1udt8355xx.1.2.3,p1udt8355.1.2.3,
1.0423591119389133,Line.padswitch(r:p1udt16219-p1udt8355)p1u_260310,p1udt8355.1.2.3,p1udt16219-p1udt8355xx.1.2.3,
1.0423591143237863,Line.l(r:p1udt16219-p1udt8355),p1udt16219-p1udt8355xx.1.2.3,p1udt16219-p1udt8355x.1.2.3,
1.042389574585357,Line.padswitch(r:p1udt16219-p1udt8355)p1u_260311,p1udt16219-p1udt8355x.1.2.3,p1udt16219.1.2.3,
1.0423895769666356,Line.padswitch(r:p1udt12343-p1udt16219)p1u_260308,p1udt16219.1.2.3,p1udt12343-p1udt16219xx.1.2.3,
1.0423895793426114,Line.l(r:p1udt12343-p1udt16219),p1udt12343-p1udt16219xx.1.2.3,p1udt12343-p1udt16219x.1.2.3,
1.0424087448067765,Line.padswitch(r:p1udt12343-p1udt16219)p1u_260309,p1udt12343-p1udt16219x.1.2.3,p1udt12343.1.2.3,
1.0426549164683052,Line.l(r:p5udm21912-p5udt8243lv),p5udt8243lv.1.2,p5udm21912.1.2,
1.0432426027843795,Line.padswitch(r:p1udt18644-p1udt7764)p1u_256042,p1udt18644.1.2.3,p1udt18644-p1udt7764x.1.2.3,
1.0432426053799149,Line.l(r:p1udt18644-p1udt7764),p1udt18644-p1udt7764x.1.2.3,p1udt18644-p1udt7764xx.1.2.3,
1.04325052120795,Line.padswitch(r:p1udt18644-p1udt7764)p1u_256043,p1udt18644-p1udt7764xx.1.2.3,p1udt7764.1.2.3,
1.0432505238039604,Line.padswitch(r:p1udt7764-p1udt8165)p1u_256040,p1udt7764.1.2.3,p1udt7764-p1udt8165x.1.2.3,
1.0432505264051843,Line.l(r:p1udt7764-p1udt8165),p1udt7764-p1udt8165x.1.2.3,p1udt7764-p1udt8165xx.1.2.3,
1.0432663280228027,Line.padswitch(r:p1udt7764-p1udt8165)p1u_256041,p1udt7764-p1udt8165xx.1.2.3,p1udt8165.1.2.3,
1.0432663332042538,Line.l(r:p1udt19573-p1udt8165),p1udt19573-p1udt8165xx.1.2.3,p1udt19573-p1udt8165x.1.2.3,
1.0432859820288745,Line.padswitch(r:p1udt19573-p1udt8165)p1u_256039,p1udt19573-p1udt8165x.1.2.3,p1udt19573.1.2.3,
1.0433831832753684,Line.padswitch(r:p3udt12704-p3udt16786)p3u_182414,p3udt16786.1.2.3,p3udt12704-p3udt16786xx.1.2.3,
1.0433831852850646,Line.l(r:p3udt12704-p3udt16786),p3udt12704-p3udt16786xx.1.2.3,p3udt12704-p3udt16786x.1.2.3,
1.0434058625484146,Line.padswitch(r:p3udt12704-p3udt16786)p3u_182415,p3udt12704-p3udt16786x.1.2.3,p3udt12704.1.2.3,
1.0434058645547892,Line.padswitch(r:p3udt12704-p3udt5489)p3u_182412,p3udt12704.1.2.3,p3udt12704-p3udt5489x.1.2.3,
1.0434058665619135,Line.l(r:p3udt12704-p3udt5489),p3udt12704-p3udt5489x.1.2.3,p3udt12704-p3udt5489xx.1.2.3,
1.0434194426202057,Line.padswitch(r:p3udt12704-p3udt5489)p3u_182413,p3udt12704-p3udt5489xx.1.2.3,p3udt5489.1.2.3,
1.04341944462256,Line.padswitch(r:p3udt5489-p3udt6797)p3u_182410,p3udt5489.1.2.3,p3udt5489-p3udt6797x.1.2.3,
1.0434194466230737,Line.l(r:p3udt5489-p3udt6797),p3udt5489-p3udt6797x.1.2.3,p3udt5489-p3udt6797xx.1.2.3,
1.0434375149301034,Line.padswitch(r:p3udt5489-p3udt6797)p3u_182411,p3udt5489-p3udt6797xx.1.2.3,p3udt6797.1.2.3,
1.0434375169275154,Line.padswitch(r:p3udt15199-p3udt6797)p3u_182408,p3udt6797.1.2.3,p3udt15199-p3udt6797xx.1.2.3,
1.0434375189280976,Line.l(r:p3udt15199-p3udt6797),p3udt15199-p3udt6797xx.1.2.3,p3udt15199-p3udt6797x.1.2.3,
1.0434555508230645,Line.padswitch(r:p3udt15199-p3udt6797)p3u_182409,p3udt15199-p3udt6797x.1.2.3,p3udt15199.1.2.3,
1.0434555548133508,Line.l(r:p3udt15199-p3udt24816),p3udt15199-p3udt24816x.1.2.3,p3udt15199-p3udt24816xx.1.2.3,
1.0434876547763483,Line.padswitch(r:p3udt15199-p3udt24816)p3u_182407,p3udt15199-p3udt24816xx.1.2.3,p3udt24816.1.2.3,
1.0434876567679103,Line.padswitch(r:p3udt21333-p3udt24816)p3u_182404,p3udt24816.1.2.3,p3udt21333-p3udt24816xx.1.2.3,
1.0434876587496809,Line.l(r:p3udt21333-p3udt24816),p3udt21333-p3udt24816xx.1.2.3,p3udt21333-p3udt24816x.1.2.3,
1.0435059715806758,Line.padswitch(r:p5udt21106-p5udt32741)p5u_138303,p5udt21106.1.2.3,p5udt21106-p5udt32741x.1.2.3,
1.0435175292018037,Line.padswitch(r:p3udt21333-p3udt24816)p3u_182405,p3udt21333-p3udt24816x.1.2.3,p3udt21333.1.2.3,
1.0435175311853093,Line.padswitch(r:p3udt21333-p3udt27231)p3u_182402,p3udt21333.1.2.3,p3udt21333-p3udt27231x.1.2.3,
1.0435175331657658,Line.l(r:p3udt21333-p3udt27231),p3udt21333-p3udt27231x.1.2.3,p3udt21333-p3udt27231xx.1.2.3,
1.0435310921176897,Line.padswitch(r:p3udt21333-p3udt27231)p3u_182403,p3udt21333-p3udt27231xx.1.2.3,p3udt27231.1.2.3,
1.0435310940901945,Line.padswitch(r:p3udt10688-p3udt27231)p3u_182400,p3udt27231.1.2.3,p3udt10688-p3udt27231xx.1.2.3,
1.043531096064044,Line.l(r:p3udt10688-p3udt27231),p3udt10688-p3udt27231xx.1.2.3,p3udt10688-p3udt27231x.1.2.3,
1.0435491380041653,Line.padswitch(r:p3udt10688-p3udt27231)p3u_182401,p3udt10688-p3udt27231x.1.2.3,p3udt10688.1.2.3,
1.0435491399769206,Line.padswitch(r:p3udt10688-p3udt24345)p3u_182398,p3udt10688.1.2.3,p3udt10688-p3udt24345x.1.2.3,
1.043549141948948,Line.l(r:p3udt10688-p3udt24345),p3udt10688-p3udt24345x.1.2.3,p3udt10688-p3udt24345xx.1.2.3,
1.0435885474385733,Line.l(r:p3udt24345-p3udt2723),p3udt24345-p3udt2723x.1.2.3,p3udt24345-p3udt2723xx.1.2.3,
1.0436080213063492,Line.padswitch(r:p3udt24345-p3udt2723)p3u_182391,p3udt24345-p3udt2723xx.1.2.3,p3udt2723.1.2.3,
1.0436080252186253,Line.l(r:p3udt23402-p3udt2723),p3udt23402-p3udt2723xx.1.2.3,p3udt23402-p3udt2723x.1.2.3,
1.0437446973743836,Line.padswitch(r:p3udt24081-p3udt26824)p3u_190351,p3udt26824.1.2.3,p3udt24081-p3udt26824xx.1.2.3,
1.0437447003430995,Line.l(r:p3udt24081-p3udt26824),p3udt24081-p3udt26824xx.1.2.3,p3udt24081-p3udt26824x.1.2.3,
1.0442214285790383,Line.padswitch(r:p1udt15029-p1udt2754)p1u_244000,p1udt15029.1.2.3,p1udt15029-p1udt2754x.1.2.3,
1.0442566401554303,Line.padswitch(r:p1udt13973-p1udt2754)p1u_243998,p1udt2754.1.2.3,p1udt13973-p1udt2754xx.1.2.3,
1.0442995108946729,Line.padswitch(r:p3udt14900-p3udt25919)p3u_169978,p3udt25919.1.2.3,p3udt14900-p3udt25919xx.1.2.3,
1.0442995129068524,Line.l(r:p3udt14900-p3udt25919),p3udt14900-p3udt25919xx.1.2.3,p3udt14900-p3udt25919x.1.2.3,
1.0443294869588833,Line.padswitch(r:p3udt14900-p3udt25919)p3u_169979,p3udt14900-p3udt25919x.1.2.3,p3udt14900.1.2.3,
1.044329488964009,Line.padswitch(r:p3udt14900-p3udt20834)p3u_169976,p3udt14900.1.2.3,p3udt14900-p3udt20834x.1.2.3,
1.0443294909597656,Line.l(r:p3udt14900-p3udt20834),p3udt14900-p3udt20834x.1.2.3,p3udt14900-p3udt20834xx.1.2.3,
1.0443643958612583,Line.padswitch(r:p3udt14900-p3udt20834)p3u_169977,p3udt14900-p3udt20834xx.1.2.3,p3udt20834.1.2.3,
1.0445129671863798,Line.l(r:p3udt15345-p3udt6402),p3udt15345-p3udt6402x.1.2.3,p3udt15345-p3udt6402xx.1.2.3,
1.0446715276177412,Line.padswitch(r:p5udt33683-p5umv78)p5u_119318,p5udt33683.1.2.3,p5udt33683-p5umv78x.1.2.3,
1.0446715298392457,Line.l(r:p5udt33683-p5umv78),p5udt33683-p5umv78x.1.2.3,p5udt33683-p5umv78xx.1.2.3,
1.0448201902027014,Line.l(r:p5udm48265-p5udt16963lv),p5udt16963lv.1.2,p5udm48265.1.2,
1.0449331176095846,Line.l(r:p1udt12640-p1udt2033),p1udt12640-p1udt2033x.1.2.3,p1udt12640-p1udt2033xx.1.2.3,
1.044968914489682,Line.padswitch(r:p1udt12640-p1udt2033)p1u_260323,p1udt12640-p1udt2033xx.1.2.3,p1udt2033.1.2.3,
1.0449689167967233,Line.padswitch(r:p1udt2033-p1udt7967)p1u_260320,p1udt2033.1.2.3,p1udt2033-p1udt7967x.1.2.3,
1.0449689191020368,Line.l(r:p1udt2033-p1udt7967),p1udt2033-p1udt7967x.1.2.3,p1udt2033-p1udt7967xx.1.2.3,
1.045505508825374,Line.breaker(r:p5uts1_69-st_mat)p5u_150999,p5uts1_69-st_matx.1.2.3,p5uts1_69.1.2.3,
1.045728914663724,Line.padswitch(r:p3udt13126-p3udt25279)p3u_182358,p3udt25279.1.2.3,p3udt13126-p3udt25279xx.1.2.3,
1.0457289168525652,Line.l(r:p3udt13126-p3udt25279),p3udt13126-p3udt25279xx.1.2.3,p3udt13126-p3udt25279x.1.2.3,
1.0457358416377383,Line.padswitch(r:p3udt13126-p3udt25279)p3u_182359,p3udt13126-p3udt25279x.1.2.3,p3udt13126.1.2.3,
1.0457358438162594,Line.padswitch(r:p3udt13126-p3udt9123)p3u_182356,p3udt13126.1.2.3,p3udt13126-p3udt9123x.1.2.3,
1.0457358459975379,Line.l(r:p3udt13126-p3udt9123),p3udt13126-p3udt9123x.1.2.3,p3udt13126-p3udt9123xx.1.2.3,
1.045751046195898,Line.padswitch(r:p3udt13126-p3udt9123)p3u_182357,p3udt13126-p3udt9123xx.1.2.3,p3udt9123.1.2.3,
1.0457563971526145,Line.padswitch(r:p5udt33683-p5udt3900)p5u_119320,p5udt3900.1.2.3,p5udt33683-p5udt3900xx.1.2.3,
1.0457563993775532,Line.l(r:p5udt33683-p5udt3900),p5udt33683-p5udt3900xx.1.2.3,p5udt33683-p5udt3900x.1.2.3,
1.0457667438784533,Line.padswitch(r:p5udt33683-p5udt3900)p5u_119321,p5udt33683-p5udt3900x.1.2.3,p5udt33683.1.2.3,
1.0463159803532212,Line.padswitch(r:p2udt2704-p2udt6979)p2u_40866,p2udt6979.1.2.3,p2udt2704-p2udt6979xx.1.2.3,
1.046411989677629,Line.padswitch(r:p3udt14791-p3udt22597)p3u_193030,p3udt14791.1.2.3,p3udt14791-p3udt22597x.1.2.3,
1.0464279133718697,Line.padswitch(r:p3udt14791-p3udt22597)p3u_193031,p3udt14791-p3udt22597xx.1.2.3,p3udt22597.1.2.3,
1.046556199416791,Line.padswitch(r:p3udt26824-p3udt9610)p3u_190353,p3udt9610.1.2.3,p3udt26824-p3udt9610xx.1.2.3,
1.0465562023977184,Line.l(r:p3udt26824-p3udt9610),p3udt26824-p3udt9610xx.1.2.3,p3udt26824-p3udt9610x.1.2.3,
1.046572000604867,Line.padswitch(r:p3udt26824-p3udt9610)p3u_190354,p3udt26824-p3udt9610x.1.2.3,p3udt26824.1.2.3,
1.0470129073870456,Line.padswitch(r:p5udt18223-p5udt22513)p5u_135788,p5udt18223-p5udt22513xx.1.2.3,p5udt22513.1.2.3,
1.0470816184823173,Line.padswitch(r:p2udt4108-p2udt4613)p2u_37687,p2udt4108.1.2.3,p2udt4108-p2udt4613x.1.2.3,
1.0471017211571272,Line.l(r:p1udt13240-p1uhs5_1247),p1udt13240-p1uhs5_1247x.1.2.3,p1udt13240.1.2.3,
1.0471084129249597,Line.l(r:p1udt13240-p1udt22489),p1udt13240.1.2.3,p1udt22489.1.2.3,
1.0471089923456685,Line.l(r:p1udt18086-p1udt22489),p1udt22489.1.2.3,p1udt18086.1.2.3,
1.0471325685351132,Line.padswitch(r:p2udt4108-p2udt4613)p2u_37688,p2udt4108-p2udt4613xx.1.2.3,p2udt4613.1.2.3,
1.0478628764419164,Line.padswitch(r:p3udt16862-p3udt5639)p3u_170024,p3udt5639.1.2.3,p3udt16862-p3udt5639xx.1.2.3,
1.0478628782691244,Line.l(r:p3udt16862-p3udt5639),p3udt16862-p3udt5639xx.1.2.3,p3udt16862-p3udt5639x.1.2.3,
1.0482851330332752,Line.sb2_p1uhs8_1247_362,sb2_p1uhs8_1247_bus_2_2.1.2.3,sb2_p1uhs8_1247_node_2_11.1.2.3,
1.0483308319982694,Line.padswitch(r:p5udt27131-p5udt31571)p5u_131432,p5udt31571.1.2.3,p5udt27131-p5udt31571xx.1.2.3,
1.0484433215626852,Line.l(r:p1udt10069-p1udt11824),p1udt11824.1.2.3,p1udt10069.1.2.3,
1.0487082217251558,Line.padswitch(r:p1udt3988-p1udt5512)p1u_256046,p1udt5512.1.2.3,p1udt3988-p1udt5512xx.1.2.3,
1.048708224338491,Line.l(r:p1udt3988-p1udt5512),p1udt3988-p1udt5512xx.1.2.3,p1udt3988-p1udt5512x.1.2.3,
1.0487223155564789,Line.padswitch(r:p1udt3988-p1udt5512)p1u_256047,p1udt3988-p1udt5512x.1.2.3,p1udt3988.1.2.3,
1.0487223181707694,Line.padswitch(r:p1udt18644-p1udt3988)p1u_256044,p1udt3988.1.2.3,p1udt18644-p1udt3988xx.1.2.3,
1.0487223207796308,Line.l(r:p1udt18644-p1udt3988),p1udt18644-p1udt3988xx.1.2.3,p1udt18644-p1udt3988x.1.2.3,
1.0487386993075893,Line.padswitch(r:p1udt18644-p1udt3988)p1u_256045,p1udt18644-p1udt3988x.1.2.3,p1udt18644.1.2.3,
1.0491094363105278,Line.padswitch(r:p3udt26848-p3udt7395)p3u_182362,p3udt7395.1.2.3,p3udt26848-p3udt7395xx.1.2.3,
1.0491094385095254,Line.l(r:p3udt26848-p3udt7395),p3udt26848-p3udt7395xx.1.2.3,p3udt26848-p3udt7395x.1.2.3,
1.0491194009332807,Line.padswitch(r:p3udt26848-p3udt7395)p3u_182363,p3udt26848-p3udt7395x.1.2.3,p3udt26848.1.2.3,
1.0491194031285997,Line.padswitch(r:p3udt25279-p3udt26848)p3u_182360,p3udt26848.1.2.3,p3udt25279-p3udt26848xx.1.2.3,
1.049119405328694,Line.l(r:p3udt25279-p3udt26848),p3udt25279-p3udt26848xx.1.2.3,p3udt25279-p3udt26848x.1.2.3,
1.04912982965393,Line.padswitch(r:p3udt25279-p3udt26848)p3u_182361,p3udt25279-p3udt26848x.1.2.3,p3udt25279.1.2.3,
1.0498996973586843,Line.sb9_p3uhs15_1247_294,sb9_p3uhs15_1247_bus_9_8.1.2.3,p3udt27016-p3uhs15_1247x.1.2.3,
1.0506942191308124,Line.l(r:p5udt2507-p5udt5697),p5udt2507.1.2.3,p5udt5697.1.2.3,
1.0507636331147254,Line.l(r:p5udm70774-p5udt28053lv),p5udt28053lv.1.2,p5udm70774.1.2,
1.0517709266746937,Line.padswitch(r:p5udt2786-p5udt5912)p5u_124126,p5udt2786.1.2.3,p5udt2786-p5udt5912x.1.2.3,
1.052025564981809,Line.l(r:p5udt2507-p5uhs4_1247),p5udt2507-p5uhs4_1247x.1.2.3,p5udt2507.1.2.3,
1.053219834493224,Line.l(r:p5udm42527-p5udt14917lv),p5udt14917lv.1.2,p5udm42527.1.2,
1.0594245606241064,Line.sb2_p5uhs6_1247_362,sb2_p5uhs6_1247_bus_2_2.1.2.3,sb2_p5uhs6_1247_node_2_11.1.2.3,
1.071392644643918,Line.breaker(r:p1uts1_69-st_mat)p1u_265658,p1uts1_69-st_matx.1.2.3,p1uts1_69.1.2.3,
1.0916093286056867,Line.sb10_p3uhs12_1247_354,sb10_p3uhs12_1247_node_10_7.1.2.3,sb10_p3uhs12_1247_bus_10_1.1.2.3,
1.104249934567226,Line.sb2_p1uhs5_1247_362,sb2_p1uhs5_1247_bus_2_2.1.2.3,sb2_p1uhs5_1247_node_2_11.1.2.3,
1.1166876562841304,Line.sb10_p3uhs10_1247_354,sb10_p3uhs10_1247_node_10_7.1.2.3,sb10_p3uhs10_1247_bus_10_1.1.2.3,
1.120003659758616,Line.sb9_p5uhs3_1247_414,sb9_p5uhs3_1247_node_9_17.1.2.3,sb9_p5uhs3_1247_bus_9_3.1.2.3,
1.1274876709986155,Line.sb2_p5uhs7_1247_362,sb2_p5uhs7_1247_bus_2_2.1.2.3,sb2_p5uhs7_1247_node_2_11.1.2.3,
1.1281457216874222,Line.sb10_p5uhs22_1247_354,sb10_p5uhs22_1247_node_10_7.1.2.3,sb10_p5uhs22_1247_bus_10_1.1.2.3,
1.1561283255521007,Line.sb2_p5uhs8_1247_362,sb2_p5uhs8_1247_bus_2_2.1.2.3,sb2_p5uhs8_1247_node_2_11.1.2.3,
1.1611529903397426,Line.sb10_p3uhs4_1247_354,sb10_p3uhs4_1247_node_10_7.1.2.3,sb10_p3uhs4_1247_bus_10_1.1.2.3,
1.166194324348054,Line.sb2_p3uhs6_1247_362,sb2_p3uhs6_1247_bus_2_2.1.2.3,sb2_p3uhs6_1247_node_2_11.1.2.3,
1.1896570730571945,Line.sb10_p5uhs21_1247_354,sb10_p5uhs21_1247_node_10_7.1.2.3,sb10_p5uhs21_1247_bus_10_1.1.2.3,
1.207553584610811,Line.sb10_p5uhs19_1247_354,sb10_p5uhs19_1247_node_10_7.1.2.3,sb10_p5uhs19_1247_bus_10_1.1.2.3,
1.212938181255063,Line.sb10_p5uhs28_1247_354,sb10_p5uhs28_1247_node_10_7.1.2.3,sb10_p5uhs28_1247_bus_10_1.1.2.3,
1.2185968488493202,Line.sb2_p5uhs18_1247_362,sb2_p5uhs18_1247_bus_2_2.1.2.3,sb2_p5uhs18_1247_node_2_11.1.2.3,
1.2383257403856032,Line.sb10_p5uhs1_1247_354,sb10_p5uhs1_1247_node_10_7.1.2.3,sb10_p5uhs1_1247_bus_10_1.1.2.3,
1.245701434213197,Line.sb10_p1uhs20_1247_354,sb10_p1uhs20_1247_node_10_7.1.2.3,sb10_p1uhs20_1247_bus_10_1.1.2.3,
1.2543839469397007,Line.breaker(r:p3uts3_69-st_mat)p3u_206453,p3uts3_69-st_matx.1.2.3,p3uts3_69.1.2.3,
1.255237248634943,Line.sb10_p3uhs13_1247_354,sb10_p3uhs13_1247_node_10_7.1.2.3,sb10_p3uhs13_1247_bus_10_1.1.2.3,
1.2816978407820112,Line.sb9_p5uhs3_1247_413,sb9_p5uhs3_1247_node_9_18.1.2.3,sb9_p5uhs3_1247_bus_9_4.1.2.3,
1.2830946846836035,Line.sb2_p1uhs0_1247_362,sb2_p1uhs0_1247_bus_2_2.1.2.3,sb2_p1uhs0_1247_node_2_11.1.2.3,
1.4035287749925274,Line.sb10_p5uhs5_1247_354,sb10_p5uhs5_1247_node_10_7.1.2.3,sb10_p5uhs5_1247_bus_10_1.1.2.3,
1.410866283578858,Line.sb10_p5uhs17_1247_354,sb10_p5uhs17_1247_node_10_7.1.2.3,sb10_p5uhs17_1247_bus_10_1.1.2.3,
1.4846890145037448,Line.sb2_p5uhs4_1247_362,sb2_p5uhs4_1247_bus_2_2.1.2.3,sb2_p5uhs4_1247_node_2_11.1.2.3,
1.5051252655143856,Line.sb10_p3uhs8_1247_354,sb10_p3uhs8_1247_node_10_7.1.2.3,sb10_p3uhs8_1247_bus_10_1.1.2.3,
